1,949e2ca0d2c..........5fc98903d5f,WanaCrypt0r,DisableSystemProxy,HttpNoUserAgent
1,b729985a290a5ae01f3e0d4b92ba7504,WanaCrypt0r,DisableSystemProxy,HttpNoUserAgent,16.6.118,62.68.20,62.68.20
1,b739462ac5dcbfe9d405a111d8213045,WanaCrypt0r,DisableSystemProxy,HttpNoUserAgent,12.110.153,210.226.92
1,511337b1456bba474a6c170c05b7b92a,WanaCrypt0r,139.221.144,215.206.131,66.194.104
1,0c4361795da08f34c16e6116588c9ddd,WanaCrypt0r,DisableSystemProxy,HttpNoUserAgent,116.46.195,143.125.254,168.29.197,210.102.93,217.219.186,217.219.186,217.219.186,72.87.11
1,f11372e427229cf49a9b3f2c286367b4,WanaCrypt0r,DisableSystemProxy,HttpNoUserAgent,117.163.231,164.40.222,211.88.39,216.50.185,216.50.185,216.50.185,83.90.120,92.203.22
1,9d71b837f422634709ac4a5a68446d50,WanaCrypt0r,DisableSystemProxy,HttpNoUserAgent,103.41.138,111.67.197,115.9.193,129.186.187,130.230.210
1,e16afab34f7c0488485ef15dbde66f72,WanaCrypt0r,DisableSystemProxy,HttpNoUserAgent,219.222.158
1,bf83a8948345ba40e2c6dcb349581480,WanaCrypt0r,DisableSystemProxy,HttpNoUserAgent,12.126.22,12.126.22,17.113.155,171.137.47,213.106.166,213.106.166,220.34.16,220.34.16,44.216.221,51.225.226,61.254.64,82.24.22
1,202d4852d8e20e5ff36775fd7b617eb1,WanaCrypt0r,DisableSystemProxy,HttpNoUserAgent,108.124.5,108.124.5,108.124.5,108.124.5,118.189.3,118.189.3,118.189.3,118.189.3,125.193.169,125.193.169,125.193.169,136.147.75,140.42.85,140.42.85,146.217.124,148.165.242,148.165.242,148.165.242,148.165.242,174.228.137,174.228.137,174.228.137,174.228.137,174.228.137,180.125.135,180.125.135,180.125.135,180.125.135,180.125.135,186.61.102,186.61.102,186.61.102,192.173.81,192.173.81,192.173.81,195.84.44,195.84.44,195.84.44,201.140.230,201.140.230,201.140.230,202.53.190,216.193.45,216.193.45,216.193.45,216.193.45,221.185.58,221.185.58,221.185.58,221.185.58,36.151.87,36.151.87,36.151.87,36.151.87,37.177.24,37.177.24,37.177.24,40.200.89,40.200.89,40.65.1,40.65.1,43.78.209,43.78.209,43.78.209,43.78.209,52.96.61,52.96.61,55.241.198,55.241.198,55.241.198,69.205.71,69.205.71,7.149.216,75.163.3,75.163.3,75.163.3,76.240.138,76.240.138,76.240.138,77.121.188,77.121.188,77.121.188,77.121.188,79.200.158,79.200.158,79.61.244,79.61.244,8.237.230,8.237.230,8.237.230,8.237.230,8.237.230,92.140.112,92.140.112,92.140.112,92.140.112,92.140.112
1,34de6d1c856..........2d3eee7ecfd,WanaCrypt0r,DisableSystemProxy,HttpNoUserAgent
1,e64a6ba079a..........b3995fbefc8,WanaCrypt0r,DisableSystemProxy,HttpNoUserAgent
1,d416e70098abffb245587c9de81cf4be,WanaCrypt0r,224.0.0
1,ced623afa8f5c5675151ce22568fbbaf,WanaCrypt0r,DisableSystemProxy,HttpNoUserAgent,100.117.63,105.42.40,105.42.40,110.98.159,110.98.159,118.90.79,118.90.79,119.20.209,119.20.209,144.190.3,144.190.3,144.209.66,144.209.66,146.180.125,146.180.125,157.127.138,157.127.138,164.157.116,164.157.116,169.16.28,169.16.28,177.153.71,177.153.71,178.18.22,178.18.22,185.140.136,185.140.136,185.99.130,185.99.130,185.99.130,185.99.130,19.106.163,19.106.163,195.81.94,195.81.94,20.201.219,20.201.219,25.12.73,25.12.73,28.35.248,28.35.248,3.121.111,3.121.111,4.254.13,4.254.13,53.229.36,53.229.36,53.99.100,53.99.100,55.69.162,55.69.162,6.68.124,6.68.124,60.196.102,60.196.102,81.171.131,81.171.131,88.28.157,88.28.157,93.138.179,93.138.179,93.38.43,93.38.43,98.99.130,98.99.130
1,8e1360ba582c6474f8055c48d8f520b0,WanaCrypt0r,DisableSystemProxy,HttpNoUserAgent,13.65.88,224.0.0
1,6c6a070ed99639697fa896a2975e2c08,WanaCrypt0r,224.0.0
1,9fcfe35e444897083078eeacb1c99838,WanaCrypt0r,13.65.88,224.0.0
1,c974150737bf3f24c571fa1e1c9504a0,WanaCrypt0r,DisableSystemProxy,HttpNoUserAgent,224.0.0
1,dcdce3191845f5a233f2c71a04a4e867,WanaCrypt0r,DisableSystemProxy,HttpNoUserAgent,106.121.95,106.121.95,106.196.93,106.196.93,108.135.189,108.135.189,110.149.197,110.149.197,118.17.247,118.17.247,126.57.112,126.57.112,133.234.41,133.234.41,136.235.175,136.235.175,145.0.44,145.0.44,15.69.56,15.69.56,155.78.142,155.78.142,160.184.210,160.184.210,163.194.230,163.194.230,169.114.15,169.114.15,173.7.214,173.7.214,188.14.28,188.14.28,195.252.118,195.252.118,216.19.29,216.19.29,216.19.29,218.245.15,218.245.15,24.178.79,24.178.79,24.178.79,4.58.207,4.58.207,49.150.196,49.150.196,49.150.196,51.154.167,51.154.167,6.34.242,6.34.242,63.116.249,63.116.249,7.46.1,7.46.1,82.104.222,82.104.222,82.19.86,82.19.86,84.122.102,84.122.102,88.192.39,88.192.39,94.230.216,94.230.216,98.145.131,98.145.131
1,d3c32941c39672648f6f353c9c1cfdb2,WanaCrypt0r,13.65.88,224.0.0
1,f5c6a6902d20c0b06b4ad3c115b9a7e2,WanaCrypt0r,DisableSystemProxy,HttpNoUserAgent,224.0.0
1,9d943c9dd29a5bfff94a4f7505d77e77,WanaCrypt0r,224.0.0
1,4adc9a98ed03bcb164c40766c059b361,WanaCrypt0r,DisableSystemProxy,HttpNoUserAgent,101.236.101,101.236.101,101.236.101,102.119.68,102.119.68,102.119.68,106.119.99,106.119.99,106.119.99,106.213.2,106.213.2,106.213.2,107.146.225,107.146.225,11.74.208,11.74.208,116.162.177,116.162.177,116.162.177,146.213.178,146.213.178,146.213.178,157.211.137,157.211.137,157.211.137,16.240.55,16.240.55,16.240.55,165.0.138,165.0.138,165.0.138,179.237.0,179.237.0,179.237.0,183.0.66,183.0.66,183.0.66,184.183.186,184.183.186,186.81.92,186.81.92,186.81.92,19.7.247,19.7.247,193.187.42,193.86.194,193.86.194,194.229.48,194.229.48,194.229.48,198.208.144,198.208.144,198.208.144,199.75.96,199.75.96,2.32.168,2.32.168,2.32.168,209.111.88,209.111.88,215.238.250,215.238.250,215.238.250,220.13.161,220.13.161,220.13.161,30.227.25,30.227.25,35.161.247,35.161.247,35.161.247,4.57.101,4.57.101,68.104.63,68.104.63,68.104.63,68.74.177,68.74.177,68.74.177,71.11.173,71.11.173,85.243.161,85.243.161,92.20.44,92.20.44,92.20.44,97.15.249
1,8711e9536639ceac9811eaf43532994d,WanaCrypt0r,13.65.88,224.0.0
1,a0091d8bea9822163993ed4771ddf755,WanaCrypt0r,DisableSystemProxy,HttpNoUserAgent,122.254.132,138.159.84,138.159.84,142.65.99,142.65.99,15.24.192,15.24.192,165.183.77,168.4.114,201.59.232,201.59.232,201.59.232,201.59.232,201.59.232,212.11.206,212.11.206,213.31.242,213.31.242,218.196.149,218.196.149,219.245.7,219.245.7,219.32.146,219.32.146,221.146.116,223.178.56,223.178.56,223.8.14,223.8.14,26.12.170,26.12.170,31.80.243,31.80.243,35.93.67,35.93.67,45.25.41,47.96.134,47.96.134,51.39.131,51.39.131,53.51.102,53.51.102,60.181.14,60.181.14,60.91.210,60.91.210,60.91.210,61.238.223,61.238.223,74.43.221,74.43.221,75.141.18,75.141.18,75.141.18,75.141.18,78.122.29,78.122.29,78.122.29,78.166.141,78.166.141,79.112.173,79.112.173,79.113.24,79.113.24,79.185.21,79.185.21,79.185.21,79.214.82,79.214.82,85.145.29,85.96.0,85.96.0,85.96.0,91.118.105,91.118.105,91.118.105
1,84b8676dabcf3f2b624339cc1e6c476b,WanaCrypt0r,DisableSystemProxy,HttpNoUserAgent,114.92.224,114.92.224,120.11.92,120.11.92,125.48.201,125.48.201,125.90.1,125.90.1,130.107.182,130.107.182,131.189.167,131.189.167,132.221.69,132.221.69,138.230.60,138.230.60,141.155.229,141.155.229,143.55.98,143.55.98,158.183.111,158.183.111,162.53.136,162.53.136,185.9.248,189.39.97,189.39.97,191.48.121,191.48.121,191.48.121,195.86.148,195.86.148,205.185.130,205.185.130,206.23.242,206.23.242,211.233.33,211.233.33,215.119.189,215.119.189,27.117.136,27.117.136,27.117.136,27.23.80,27.23.80,36.182.248,36.182.248,45.140.18,45.140.18,48.35.220,48.35.220,58.122.191,58.122.191,58.122.191,63.28.33,63.28.33,75.35.83,75.35.83,76.192.206,76.192.206,79.173.148,79.173.148,79.173.148,79.173.148,79.173.148,79.173.148,79.173.148,86.140.135,86.140.135,95.51.189,95.51.189
1,68659f605ff22ea85781f56f298e9da9,WanaCrypt0r,13.65.88,224.0.0
1,e4fb14f6b9444ba3087f73297f34bcfe,WanaCrypt0r,DisableSystemProxy,HttpNoUserAgent,104.17.40
1,605288be028c7e851885c185f9a56e97,WanaCrypt0r,224.0.0
1,907db89f52d0c448c01b7886db4e967c,WanaCrypt0r,224.0.0
1,0e9670e7a180936350065db17f8cfb8f,WanaCrypt0r,DisableSystemProxy,HttpNoUserAgent,102.35.18,102.35.18,102.35.18,105.30.96,105.30.96,11.220.153,11.220.153,11.220.153,11.220.153,11.220.153,128.144.121,128.144.121,128.45.101,128.45.101,128.45.101,131.254.160,131.254.160,131.254.160,146.38.234,15.240.56,177.58.173,177.58.173,181.126.211,181.126.211,184.181.193,196.110.4,196.110.4,196.110.4,196.78.12,196.78.12,196.78.12,196.78.12,196.78.12,196.78.12,196.78.12,196.78.12,196.78.12,196.78.12,196.78.12,196.78.12,196.78.12,196.78.12,196.78.12,196.78.12,196.78.12,196.78.12,200.184.196,200.184.196,200.74.182,200.74.182,200.74.182,208.180.165,208.180.165,208.180.165,3.136.228,3.136.228,3.136.228,3.136.228,32.223.174,32.223.174,37.199.198,37.199.198,37.199.198,40.145.161,40.145.161,40.145.161,40.145.161,40.76.160,40.76.160,40.76.160,43.251.198,43.251.198,43.251.198,43.251.198,6.202.156,6.202.156,6.202.156,6.202.156,6.202.156,61.157.52,61.157.52,61.157.52,61.157.52,67.109.155,67.6.176,67.6.176,67.6.176,84.192.219,92.42.29,92.42.29,92.42.29,92.42.29,93.199.207,93.199.207,98.146.160,98.146.160,98.146.160
1,c0794b9530eef16bb9731b38c89df655,WanaCrypt0r,DisableSystemProxy,HttpNoUserAgent,1.131.128,1.131.128,1.218.52,1.218.52,102.123.102,102.123.102,115.117.235,115.117.235,124.34.18,124.34.18,124.34.18,13.163.220,137.51.43,137.51.43,144.200.154,144.200.154,166.26.45,166.26.45,167.181.118,167.181.118,180.101.93,180.101.93,187.40.88,187.40.88,187.83.48,187.83.48,195.197.209,195.197.209,195.197.209,201.189.253,201.189.253,203.186.65,203.186.65,203.248.148,204.155.96,204.155.96,204.155.96,204.155.96,204.155.96,204.155.96,204.155.96,204.155.96,208.169.161,208.169.161,208.169.161,211.17.194,211.17.194,222.247.213,222.247.213,24.141.100,24.141.100,3.99.158,3.99.158,35.119.242,35.119.242,40.165.44,40.165.44,46.33.66,46.33.66,56.190.70,56.190.70,67.51.121,67.51.121,77.205.166,77.205.166,77.60.95,77.60.95,79.106.45,79.106.45,79.106.45,79.94.161,79.94.161,86.143.176,86.143.176,92.118.175,97.189.27,97.189.27,99.41.72
1,f3c3337b585d9ff260aa55a5467cc71e,WanaCrypt0r,DisableSystemProxy,HttpNoUserAgent,1.128.57,1.128.57,101.80.56,105.168.175,115.38.85,117.175.61,117.175.61,130.240.94,130.240.94,134.25.168,134.25.168,15.221.47,15.221.47,15.221.47,15.221.47,163.100.44,163.100.44,173.56.157,173.56.157,176.14.126,176.14.126,187.87.235,187.87.235,187.87.235,187.87.235,187.87.235,187.87.235,187.87.235,187.87.235,187.87.235,187.87.235,193.147.55,193.147.55,193.147.55,202.4.114,202.4.114,202.4.114,202.4.114,210.165.8,210.165.8,210.165.8,210.165.8,222.101.31,222.101.31,222.101.31,30.127.63,30.127.63,35.204.80,35.204.80,35.204.80,35.204.80,42.8.226,42.8.226,47.166.22,47.166.22,47.166.22,48.18.160,48.18.160,48.18.160,48.18.160,5.152.229,5.152.229,5.2.22,5.2.22,61.100.65,61.100.65,69.171.223,69.171.223,69.171.223,69.171.223,69.171.223,69.171.223,69.171.223,69.171.223,69.171.223,69.171.223,69.171.223,69.171.223,69.171.223,69.171.223,69.171.223,69.171.223,69.171.223,69.171.223,69.171.223,7.79.65,7.79.65,7.79.65,75.131.0,75.131.0,83.24.246,9.96.169,9.96.169,94.132.212,94.132.212,96.34.19,96.34.19
1,d1f96e4396199bcab15d8c827075cb64,WanaCrypt0r,224.0.0,52.168.138
1,f1fd14b5423650f43c47a7b79d332626,WanaCrypt0r,DisableSystemProxy,HttpNoUserAgent,104.206.93,104.206.93,104.206.93,120.7.61,120.7.61,121.161.101,121.161.101,134.199.159,134.199.159,139.214.174,139.214.174,143.2.2,143.2.2,147.132.94,147.132.94,156.91.240,156.91.240,162.141.10,166.181.5,166.181.5,168.76.46,168.76.46,171.186.208,171.186.208,187.247.47,187.247.47,193.150.209,193.150.209,195.3.160,195.3.160,214.53.188,214.53.188,219.113.104,219.113.104,219.113.104,22.160.120,22.160.120,222.113.26,222.113.26,223.8.207,223.8.207,28.253.184,28.253.184,35.166.248,35.166.248,37.172.145,37.172.145,46.252.88,46.252.88,53.81.247,53.81.247,54.33.37,54.33.37,55.203.10,55.203.10,63.121.19,63.121.19,65.152.28,65.152.28,74.25.16,74.25.16,92.117.210,92.117.210,97.74.219,97.74.219
1,49ff1f5733e6a5a820f22fd8b4d7d6d5,WanaCrypt0r,DisableSystemProxy,HttpNoUserAgent,106.131.64,113.174.122,113.174.122,114.193.25,114.193.25,124.61.147,124.61.147,142.52.16,142.52.16,15.91.107,15.91.107,150.132.223,150.132.223,151.187.99,151.187.99,164.223.167,164.223.167,168.220.183,168.220.183,172.32.247,173.109.56,181.99.88,181.99.88,194.193.144,194.193.144,195.224.126,195.224.126,202.64.58,206.65.186,206.65.186,206.65.186,206.65.186,211.198.192,211.198.192,211.198.192,215.117.176,215.117.176,215.42.14,215.42.14,215.42.14,223.108.123,223.108.123,27.49.104,27.49.104,27.49.104,27.49.104,27.49.104,3.121.39,3.121.39,37.39.195,37.39.195,37.39.195,40.96.91,40.96.91,42.42.249,42.42.249,49.208.217,49.208.217,51.76.77,51.76.77,66.10.44,66.10.44,70.232.7,70.232.7,70.232.7,73.65.82,73.65.82,73.65.82,75.48.130,75.48.130,76.137.147,76.137.147,82.225.40,89.143.104,89.143.104,94.143.228,94.143.228,94.143.228,97.134.218,97.134.218
1,d8ad229e910b428b3bab5625619775ce,WanaCrypt0r,DisableSystemProxy,HttpNoUserAgent,107.95.137,121.8.103,121.8.103,121.8.103,132.195.129,132.195.129,132.195.129,140.221.145,140.221.145,143.116.172,143.116.172,144.168.193,144.168.193,144.168.193,144.168.193,146.220.240,146.220.240,146.220.240,148.195.25,148.195.25,148.195.25,148.195.25,148.195.25,156.172.109,156.172.109,163.161.221,163.161.221,163.161.221,163.50.12,163.50.12,163.50.12,166.76.27,17.17.195,17.17.195,173.104.157,177.9.89,177.9.89,177.9.89,185.99.253,185.99.253,185.99.253,185.99.253,185.99.253,185.99.253,185.99.253,185.99.253,185.99.253,185.99.253,185.99.253,185.99.253,185.99.253,185.99.253,185.99.253,185.99.253,185.99.253,185.99.253,186.57.78,186.57.78,186.57.78,188.9.206,188.9.206,191.124.15,191.124.15,191.124.15,191.124.15,196.106.215,196.220.114,196.220.114,212.87.48,212.87.48,212.87.48,212.87.48,212.87.48,220.152.172,220.152.172,3.244.91,3.244.91,31.180.253,31.180.253,36.239.96,36.239.96,36.239.96,36.239.96,36.239.96,40.165.153,40.165.153,40.165.153,6.85.76,66.114.101,66.114.101,73.53.109,75.126.18,75.126.18,75.126.18,97.183.240,97.183.240,97.183.240
1,d29168b678736cd1bbb3b2047dff6512,WanaCrypt0r,DisableSystemProxy,HttpNoUserAgent,102.127.126,102.127.126,102.127.126,102.127.126,106.158.28,106.173.212,106.173.212,115.231.137,115.231.137,115.231.137,117.50.133,119.99.200,119.99.200,119.99.200,119.99.200,119.99.200,119.99.200,136.67.29,136.67.29,136.67.29,136.67.29,136.67.29,136.67.29,136.67.29,144.150.213,147.223.133,147.223.133,147.223.133,147.223.133,147.223.133,147.223.133,165.114.182,175.118.47,175.118.47,18.149.205,181.190.194,181.190.194,181.190.194,188.167.61,188.167.61,188.167.61,191.213.53,191.213.53,191.213.53,191.245.54,191.245.54,191.245.54,194.8.145,194.8.145,207.220.157,207.220.157,207.220.157,209.194.86,209.194.86,209.194.86,215.241.188,215.241.188,215.241.188,216.124.110,216.124.110,216.124.110,216.124.110,216.124.110,223.229.160,223.229.160,33.222.209,33.222.209,36.127.38,36.127.38,36.127.38,36.127.38,45.174.122,45.174.122,45.174.122,49.130.139,49.130.139,53.151.19,53.151.19,53.151.19,58.87.11,58.87.11,58.87.11,58.87.11,58.87.11,58.87.11,59.33.48,59.33.48,67.157.129,67.157.129,67.157.129,89.124.17,89.124.17,89.124.17,89.124.17,93.226.117,93.226.117,93.226.117,93.226.117
1,3ec60fc1e586801b7b2ec6ac6d099428,WanaCrypt0r,13.65.88,224.0.0
1,873ecdde73bc83f73bb108aef3dff649,WanaCrypt0r,224.0.0
1,429af137d86351f76a903fa06f8af28a,WanaCrypt0r,DisableSystemProxy,HttpNoUserAgent,115.108.85,115.108.85,115.108.85,116.51.115,116.51.115,116.51.115,116.51.115,126.216.115,126.216.115,126.216.115,136.107.166,136.107.166,136.107.166,136.107.166,14.172.243,14.172.243,14.172.243,14.172.243,14.172.243,140.231.76,140.231.76,140.231.76,143.55.53,143.55.53,143.55.53,154.190.207,154.190.207,154.190.207,154.190.207,154.84.236,154.84.236,154.84.236,156.70.80,156.70.80,156.70.80,157.225.37,157.225.37,157.225.37,157.225.37,164.40.108,173.86.5,173.86.5,173.86.5,173.86.5,174.234.225,174.234.225,174.234.225,180.187.99,180.187.99,180.187.99,180.234.176,180.234.176,180.234.176,180.234.176,19.80.10,193.54.139,193.54.139,210.169.153,210.169.153,210.169.153,210.169.153,210.169.153,210.169.153,223.50.18,23.117.169,23.157.91,23.157.91,23.157.91,27.166.213,27.166.213,27.166.213,4.6.29,4.6.29,43.144.135,43.144.135,62.24.28,62.24.28,62.24.28,62.24.28,62.242.150,62.242.150,62.242.150,62.242.150,67.218.191,67.218.191,8.57.97,8.57.97,87.198.144,89.208.247,89.208.247,89.208.247,92.101.10,93.143.162,93.143.162,93.143.162,93.143.162,93.143.162
1,afccbaa104b9e8944f41eba15f7c9942,WanaCrypt0r,DisableSystemProxy,HttpNoUserAgent,224.0.0
1,e3f7a69908170bfb800f03b462a8fa02,WanaCrypt0r,DisableSystemProxy,HttpNoUserAgent,104.17.39
1,15f392442fc9ea5dcb03dce9d672b41c,WanaCrypt0r,DisableSystemProxy,HttpNoUserAgent,1.125.184,1.125.184,101.144.220,101.144.220,105.66.159,105.66.159,107.33.188,107.33.188,11.202.27,11.202.27,12.36.249,12.36.249,130.81.253,130.81.253,133.33.122,133.33.122,135.44.67,135.44.67,140.67.24,140.67.24,151.9.19,151.9.19,152.224.136,152.224.136,156.192.221,156.192.221,18.89.79,18.89.79,181.131.196,181.131.196,185.63.207,185.63.207,194.113.66,194.113.66,195.85.76,195.85.76,217.165.107,217.165.107,223.14.50,223.14.50,223.150.80,223.150.80,3.189.33,3.189.33,37.45.221,37.45.221,40.143.101,40.143.101,50.168.193,50.168.193,58.158.34,58.158.34,6.223.103,6.223.103,60.107.157,60.107.157,66.63.122,66.63.122,66.63.122,75.138.14,75.138.14,94.42.234,94.42.234,98.189.46,98.189.46,98.189.46
1,7d47ac115c4e9b46f88f1c8fb07888a7,WanaCrypt0r,DisableSystemProxy,HttpNoUserAgent,10.71.5,10.71.5,10.71.5,10.71.5,10.71.5,10.71.5,10.71.5,10.71.5,10.71.5,10.71.5,10.71.5,10.71.5,10.71.5,10.71.5,10.71.5,10.71.5,10.71.5,10.71.5,10.71.5,10.71.5,10.71.5,10.71.5,10.71.5,10.71.5,10.71.5,10.71.5,104.162.219,104.162.219,13.249.32,138.3.74,138.3.74,138.3.74,138.3.74,152.160.187,152.160.187,152.160.187,152.160.187,152.160.187,163.23.11,163.23.11,163.23.11,163.23.11,168.163.252,168.163.252,168.163.252,171.134.179,171.134.179,172.70.122,172.70.122,172.70.122,180.206.155,180.206.155,192.25.58,192.25.58,192.41.88,192.41.88,196.152.71,196.152.71,197.182.221,197.182.221,197.182.221,197.182.221,198.191.224,198.191.224,200.43.187,200.43.187,202.134.155,202.134.155,204.106.63,204.106.63,213.31.172,213.31.172,222.215.81,222.215.81,30.216.149,30.216.149,32.1.251,32.1.251,34.219.203,34.219.203,34.25.241,34.25.241,35.203.53,35.203.53,35.83.43,35.83.43,45.128.49,45.128.49,5.91.85,5.91.85,70.44.194,70.44.194,8.127.16,8.127.16,91.123.10,97.243.127,97.243.127
1,b1106f316fdf5c1710349a72d164fac2,WanaCrypt0r,224.0.0,52.168.138
1,7a2625f613b4f1a25dc8f4e148de6f21,WanaCrypt0r,224.0.0,52.168.138
1,15fc1d13043aa87bc2fa0b53bcd4da6d,WanaCrypt0r,13.65.88,224.0.0
1,e1639b34456d382d07ea447109401448,WanaCrypt0r,13.65.88,224.0.0
1,2c1ff0d66a4e540e5a74c8eff4dbd7f4,WanaCrypt0r,224.0.0
1,f0ec4100c451209ed6e35386a07f0823,WanaCrypt0r,10.149.214,10.149.214,10.149.214,10.149.214,10.149.214,10.149.214,10.149.214,10.149.214,10.149.214,10.149.214,10.149.214,10.149.214,10.149.214,10.149.214,10.149.214,10.149.214,10.149.214,10.149.214,10.149.214,10.149.214,102.177.12,102.177.12,113.65.212,113.65.212,129.212.20,129.212.20,13.0.61,13.0.61,135.179.182,143.164.106,143.164.106,145.39.246,17.107.77,17.217.59,172.19.242,172.19.242,172.19.242,172.19.242,172.19.242,172.19.242,172.19.242,172.19.242,172.19.242,172.19.242,172.19.242,172.19.242,172.19.242,172.19.242,172.19.242,172.19.242,172.19.242,172.19.242,172.19.242,172.19.242,172.19.242,172.19.242,172.19.242,172.19.242,172.19.242,172.19.242,172.19.242,172.19.242,172.19.242,172.19.242,172.19.242,172.19.242,172.19.242,182.162.120,2.136.75,219.133.112,219.133.112,219.133.112,220.203.195,34.5.132,36.45.44,36.45.44,40.163.251,40.163.251,40.163.251,43.2.197,43.2.197,53.24.53,53.24.53,61.153.87,63.184.195,75.47.55,75.47.55,75.47.55,84.170.38,90.249.23,93.1.140,93.1.140,93.241.183,93.241.183,94.30.41,98.169.187,99.228.233,99.228.233
1,0d12d1ade39574e8b426c9caec1b0171,WanaCrypt0r,DisableSystemProxy,HttpNoUserAgent,1.82.87,1.82.87,100.102.209,100.102.209,109.128.152,109.128.152,109.128.152,109.128.152,109.128.152,109.128.152,109.159.178,109.159.178,125.216.124,125.216.124,132.223.236,132.223.236,132.96.21,132.96.21,139.78.84,139.78.84,145.57.153,145.57.153,172.32.52,172.32.52,179.79.94,179.79.94,179.79.94,182.17.71,182.17.71,182.17.71,182.17.71,182.17.71,185.79.75,185.79.75,191.219.29,191.219.29,204.134.98,204.134.98,204.86.89,204.86.89,205.204.154,205.204.154,21.64.242,21.64.242,210.7.198,210.7.198,215.136.23,215.136.23,218.217.24,218.217.24,29.50.222,29.50.222,33.254.163,33.254.163,39.143.43,39.143.43,40.129.8,40.129.8,41.93.135,41.93.135,54.6.151,54.6.151,61.211.4,61.211.4,61.211.4,61.211.4,61.211.4,71.129.188,71.129.188,85.234.71,85.234.71,88.200.13,88.200.13,93.44.78,93.44.78
1,5de33cb32bfabb546f0ddb5f467b9cbc,WanaCrypt0r,224.0.0
1,0c1b2a78128134fcc9c2e7d8b52800f9,WanaCrypt0r,224.0.0
1,af0e0d1544b9763380b6655d612b2467,WanaCrypt0r,101.5.225,101.5.225,121.240.19,121.240.19,133.236.245,133.236.245,133.236.245,139.30.218,139.30.218,140.115.177,140.115.177,151.28.15,151.28.15,16.184.168,16.184.168,165.51.96,165.51.96,17.227.243,17.227.243,170.38.153,170.38.153,176.100.35,176.100.35,176.100.35,180.189.86,180.189.86,180.189.86,185.140.2,185.140.2,196.43.114,196.43.114,198.61.102,198.61.102,20.238.131,20.238.131,201.114.91,201.114.91,202.184.208,202.184.208,205.91.43,205.91.43,206.5.67,206.5.67,219.203.118,219.203.118,35.76.196,35.76.196,36.99.200,36.99.200,51.195.126,51.195.126,56.140.234,56.140.234,57.105.230,57.105.230,61.99.252,61.99.252,67.52.182,67.52.182,76.253.45,76.253.45,76.66.175,76.66.175,80.175.80,80.175.80,85.54.213,85.54.213
1,2b2677c02e82800a98a66306054700b5,WanaCrypt0r,DisableSystemProxy,HttpNoUserAgent,102.88.45,103.30.64,103.30.64,103.30.64,103.30.64,103.30.64,103.30.64,110.12.160,110.12.160,110.12.160,111.241.185,111.241.185,114.7.221,114.7.221,114.82.9,114.82.9,118.202.59,118.202.59,122.12.57,122.12.57,122.9.12,122.9.12,144.198.35,144.198.35,148.156.57,148.156.57,148.93.214,148.93.214,158.222.60,158.222.60,162.181.230,162.181.230,165.9.242,165.9.242,169.252.238,169.252.238,173.183.9,173.183.9,206.161.11,209.236.84,211.186.104,211.186.104,211.186.104,215.176.101,215.176.101,3.138.126,3.138.126,36.135.249,36.135.249,41.6.81,41.6.81,43.80.33,43.80.33,49.173.202,49.173.202,5.62.86,5.62.86,52.21.221,52.21.221,71.244.242,71.244.242,85.13.217,85.13.217,85.13.217,9.106.48,9.106.48,92.126.35,92.126.35
1,f6d5c41ede716aebe6cdb9a7983a81b9,WanaCrypt0r,DisableSystemProxy,HttpNoUserAgent,102.138.86,102.138.86,139.225.170,139.225.170,140.49.145,140.49.145,141.251.72,141.251.72,152.210.172,152.210.172,154.163.162,154.163.162,165.146.190,165.146.190,165.146.190,165.146.190,165.146.190,17.29.191,17.29.191,173.172.209,173.172.209,173.43.13,173.43.13,174.150.198,174.150.198,174.95.55,174.95.55,189.197.74,189.197.74,189.197.74,189.197.74,2.8.85,2.8.85,204.193.254,204.193.254,209.226.232,209.226.232,209.254.30,209.254.30,219.67.31,219.67.31,25.126.82,25.126.82,25.205.171,25.205.171,27.142.39,27.142.39,32.166.77,32.166.77,37.22.20,37.22.20,44.160.45,44.160.45,47.56.70,47.56.70,53.74.144,53.74.144,65.105.216,65.105.216,68.232.185,68.232.185,68.98.205,68.98.205,68.98.205,79.183.84,79.183.84,92.3.151,92.3.151,96.209.236,96.209.236
1,7b799907dab75d9d1d0f527f5c079e22,WanaCrypt0r,224.0.0,52.168.138
1,5d76f2a1f197e3469e1c8072ad67f941,WanaCrypt0r,DisableSystemProxy,HttpNoUserAgent,224.0.0
1,1db51df8de72f1598f08e8b37cb3bf3f,WanaCrypt0r,DisableSystemProxy,HttpNoUserAgent,224.0.0
1,146f2a80a0bbf735bbe7e5e0543e5666,WanaCrypt0r,DisableSystemProxy,HttpNoUserAgent,186.142.176,186.242.63,186.242.63,187.173.158,187.173.158,199.129.254,199.129.254,2.113.211,2.113.211,2.241.8,2.241.8,205.89.72,205.89.72,216.13.230,216.13.230,221.52.36,221.52.36,45.92.136,45.92.136,5.4.25,5.4.25,51.147.71,51.147.71,54.69.183,54.69.183,56.211.100,56.211.100,59.233.158,59.233.158,74.12.228,74.12.228,74.12.228,82.189.41,82.189.41,84.215.209,84.215.209,88.212.244,88.212.244,89.133.15,89.133.15,96.108.1,96.108.1
1,a41ae09a92b6920305e8e6f259fcebb3,WanaCrypt0r,ProcessInjection,ModifyWindowsFirewall,DisableSystemProxy..,Commodity.Virut.,Commodity.InstallCapital.,1.153.100,1.153.100,1.153.100,1.153.100,118.185.152,118.53.121,118.53.121,118.53.121,123.25.86,123.25.86,123.25.86,123.90.136,139.67.143,139.67.143,14.54.88,14.54.88,143.12.80,143.12.80,154.134.157,154.134.157,154.134.157,159.192.219,159.192.219,159.192.219,185.55.150,185.9.144,185.9.144,185.9.144,187.159.30,187.159.30,187.159.30,193.8.15,193.8.15,193.8.15,195.170.225,195.170.225,195.170.225,195.170.225,195.25.126,195.25.126,195.25.126,213.147.89,213.147.89,220.118.42,220.118.42,220.118.42,30.178.16,30.178.16,30.178.16,30.178.16,41.103.69,47.207.235,47.207.235,47.207.235,47.207.235,47.207.235,67.92.2,80.244.123,82.27.90,82.27.90,82.27.90,90.13.245,90.13.245,90.13.245,90.13.245,90.13.245,92.126.76,93.85.52,94.60.97,94.60.97
1,5679d7526bf158632f2e1e04219ddab1,WanaCrypt0r,224.0.0,52.168.138
1,f3813e27109979ef425355d936e2e66c,WanaCrypt0r,224.0.0
1,67447234d7674b46ffd3bb2a3d4d7464,WanaCrypt0r,13.65.88,224.0.0
1,b39405b094fb0a371351694e4359ef6f,WanaCrypt0r,224.0.0
1,9322e042dda301120879856d2a8955b9,WanaCrypt0r,DisableSystemProxy,HttpNoUserAgent,104.250.194,104.250.194,104.78.125,122.100.171,128.130.8,128.130.8,134.8.162,134.8.162,136.24.11,136.24.11,141.241.39,141.241.39,141.241.39,158.88.12,158.88.12,16.81.86,16.81.86,181.191.182,181.191.182,185.110.60,185.110.60,185.110.60,185.110.60,199.82.79,199.82.79,201.33.202,201.33.202,205.137.173,206.102.220,206.102.220,206.86.110,206.86.110,222.186.58,222.186.58,29.134.64,29.134.64,35.60.188,35.60.188,36.169.176,39.148.42,39.148.42,42.207.156,42.207.156,42.219.184,45.114.88,45.114.88,45.114.88,45.114.88,60.26.40,60.26.40,60.26.40,7.162.31,7.162.31,7.162.31,70.182.204,70.182.204,70.182.204,70.182.204,72.178.34,77.101.242,77.101.242,77.101.242,79.83.186,79.83.186,79.83.186,87.245.6,87.245.6,95.174.237,95.174.237
1,47187b7beef48169a92894d4c4a39efd,WanaCrypt0r,224.0.0,52.168.138
1,a6d94123860d0d219d28d978c9546a82,WanaCrypt0r
1,c3a287b3b18dcb0c230f6c8b95eb718b,WanaCrypt0r,DisableSystemProxy,HttpNoUserAgent,100.58.7,100.58.7,101.161.147,110.129.228,110.129.228,126.158.21,126.158.21,126.49.20,126.49.20,141.51.206,141.51.206,148.133.113,148.133.113,154.5.240,154.5.240,16.57.164,16.57.164,160.210.80,160.210.80,160.210.80,160.50.243,160.50.243,182.216.215,182.216.215,187.141.162,187.141.162,187.141.162,187.141.162,188.53.132,188.53.132,19.223.28,19.223.28,191.128.198,191.128.198,195.1.176,195.1.176,207.184.43,207.184.43,207.184.43,208.130.199,208.130.199,216.225.179,216.225.179,23.150.177,23.150.177,25.21.50,25.21.50,30.22.75,30.22.75,30.22.75,30.22.75,30.22.75,35.11.177,35.11.177,35.11.177,37.7.235,37.7.235,43.245.9,43.245.9,5.172.188,5.172.188,5.172.188,5.219.240,6.138.187,6.138.187,64.152.143,64.152.143,69.79.149,69.79.149,69.79.149,75.60.55,75.60.55,80.122.232,80.122.232,80.122.232,80.122.232,98.39.54,98.39.54
1,ab99caa727adf31783621661c566a62d,WanaCrypt0r,DisableSystemProxy,HttpNoUserAgent,10.153.16,10.153.16,10.153.16,10.153.16,10.153.16,10.153.16,10.153.16,10.153.16,10.153.16,10.153.16,139.215.133,139.215.133,155.210.11,155.210.11,166.199.244,166.199.244,181.171.252,181.171.252,182.91.35,182.91.35,199.50.130,199.50.130,200.163.35,200.163.35,204.105.123,204.105.123,206.19.197,206.19.197,207.196.34,207.196.34,21.131.104,21.131.104,210.216.219,210.216.219,216.157.246,216.157.246,216.227.100,216.227.100,26.111.31,26.111.31,33.139.18,33.139.18,42.136.244,42.136.244,42.136.244,5.181.245,5.181.245,50.171.208,50.171.208,52.203.31,52.203.31,55.32.35,55.32.35,61.182.119,61.182.119,67.242.53,67.242.53,71.28.34,71.28.34,73.28.68,73.28.68,77.50.43,77.50.43,77.73.215,77.73.215,80.239.251,80.239.251,80.239.251,85.42.183,85.42.183,90.103.181,90.103.181,94.75.147,94.75.147
1,c5858b2e76f0d75acbca463384210ed9,WanaCrypt0r,100.229.142,100.229.142,121.164.3,121.164.3,122.182.245,122.182.245,134.110.133,134.110.133,145.73.224,145.73.224,147.102.173,147.102.173,157.130.235,157.130.235,160.140.180,160.140.180,164.239.233,164.239.233,164.56.73,164.56.73,171.219.224,171.219.224,176.160.89,176.160.89,183.227.50,183.227.50,187.60.196,187.60.196,188.12.189,188.12.189,193.125.72,193.125.72,202.236.45,202.236.45,205.147.45,205.147.45,213.234.46,213.234.46,31.59.119,31.59.119,53.167.160,53.167.160,53.79.135,53.79.135,59.188.27,59.188.27,6.48.142,6.48.142,68.30.62,68.30.62,69.21.99,69.21.99,69.21.99,72.76.9,72.76.9,73.76.77,73.76.77,75.147.42,75.147.42,85.35.21,85.35.21,92.187.216,92.187.216,98.55.34,98.55.34
1,25041a20032257246dda24123537a63e,WanaCrypt0r,DisableSystemProxy,HttpNoUserAgent,106.57.9,106.57.9,110.185.46,110.185.46,112.56.58,112.56.58,116.176.164,116.176.164,116.186.6,116.186.6,117.70.230,117.70.230,122.89.195,122.89.195,128.147.243,128.147.243,14.84.5,14.84.5,144.107.102,144.107.102,151.161.207,151.161.207,161.79.33,161.79.33,167.24.88,167.24.88,174.128.196,174.128.196,18.138.95,18.138.95,185.6.86,185.6.86,186.112.200,186.112.200,2.67.11,2.67.11,201.25.34,201.25.34,213.184.185,213.184.185,215.152.250,215.152.250,216.220.98,216.220.98,222.8.236,222.8.236,222.8.236,28.66.30,28.66.30,30.151.159,30.151.159,33.85.20,33.85.20,37.166.38,37.166.38,37.166.38,37.166.38,37.166.38,37.166.38,37.166.38,37.166.38,44.152.137,44.152.137,45.182.168,45.182.168,65.0.184,65.0.184,87.164.163,87.164.163,98.74.216,98.74.216
1,c0b0b9b1c46d934dfc62af8b2991cdc1,WanaCrypt0r,13.65.88,224.0.0
1,1dcbc8d425214f13f907c2dbe56c3d34,WanaCrypt0r,DisableSystemProxy,HttpNoUserAgent,101.58.179,101.58.179,105.226.244,105.226.244,111.39.19,111.39.19,112.98.7,112.98.7,12.240.176,12.240.176,121.45.246,121.45.246,123.28.233,123.28.233,130.39.223,130.39.223,131.47.230,131.47.230,164.144.98,164.144.98,170.252.54,170.252.54,178.91.0,178.91.0,187.157.1,187.157.1,199.210.156,199.210.156,199.6.237,199.6.237,200.170.162,200.170.162,217.181.2,219.124.132,219.124.132,219.162.223,219.162.223,26.242.118,26.242.118,29.212.149,29.212.149,40.23.155,40.23.155,41.47.42,41.47.42,41.47.42,5.66.45,5.66.45,52.249.249,52.249.249,52.31.98,52.31.98,72.124.165,72.124.165,77.48.172,77.48.172,81.100.59,81.100.59,81.100.59,81.100.59,81.100.59,81.100.59,88.49.158,88.49.158,92.39.157,92.39.157,92.39.157,92.39.157,92.39.157,92.39.157,94.5.229,94.5.229
1,3557ab42dfe15a69fda03b14c01dcc81,WanaCrypt0r,DisableSystemProxy,HttpNoUserAgent,104.193.27,104.193.27,113.239.5,113.239.5,126.229.191,126.229.191,138.254.177,138.254.177,146.130.140,146.130.140,146.53.52,146.53.52,146.88.107,146.88.107,151.85.199,151.85.199,159.224.228,159.224.228,165.232.139,165.232.139,171.53.169,171.53.169,177.82.144,177.82.144,188.36.104,188.36.104,189.232.118,189.232.118,200.237.105,200.237.105,219.203.212,219.203.212,219.218.172,219.218.172,29.204.25,29.204.25,3.185.123,3.185.123,33.184.200,33.184.200,35.250.28,35.250.28,41.47.253,41.47.253,42.103.206,42.103.206,43.7.14,43.7.14,43.71.53,43.71.53,60.72.142,60.72.142,61.166.225,61.166.225,7.33.159,7.33.159,77.141.214,77.141.214,77.141.214,8.47.13,8.47.13,81.3.216,81.3.216,89.239.51,89.239.51
1,42f30d88b94..........ccb9bf29607,WanaCrypt0r
1,8dca9d4773d55c327139f0ba43894209,WanaCrypt0r,224.0.0
1,0a3b8bfaf453e1255b42bea9261f56e5,WanaCrypt0r,DisableSystemProxy,HttpNoUserAgent,105.79.161,105.79.161,12.162.29,12.162.29,12.66.177,12.66.177,12.66.177,129.151.193,129.151.193,129.151.193,130.86.235,130.86.235,140.71.131,140.71.131,145.106.216,145.106.216,145.106.216,147.165.151,147.165.151,147.29.25,147.29.25,147.29.25,147.29.25,150.190.45,16.59.187,16.59.187,16.59.187,164.188.89,164.188.89,164.188.89,164.188.89,165.19.61,165.19.61,165.19.61,165.19.61,165.19.61,167.233.30,168.110.203,168.110.203,168.110.203,173.25.51,173.25.51,173.25.51,173.25.51,179.100.192,179.100.192,183.168.211,183.168.211,183.168.211,188.32.125,189.150.159,189.150.159,189.150.159,193.195.124,193.195.124,193.195.124,206.235.250,206.235.250,24.13.119,24.13.119,24.13.119,31.72.158,31.72.158,31.72.158,31.72.158,31.72.158,31.72.158,31.72.158,41.108.223,41.108.223,41.108.223,41.108.223,41.108.223,42.49.250,42.49.250,42.49.250,42.49.250,6.147.200,6.147.200,6.147.200,6.147.200,6.147.200,6.147.200,68.188.149,74.120.164,74.120.164,74.120.164,8.68.114,8.68.114,8.68.114,84.243.162,84.243.162,84.243.162,84.243.162,87.249.241,87.249.241,87.249.241
1,ef28d0ef976386b83a2d4539cc7d334e,WanaCrypt0r,10.37.243,10.37.243,10.37.243,10.37.243,10.37.243,10.37.243,10.37.243,10.37.243,10.37.243,10.37.243,10.37.243,10.37.243,10.37.243,10.37.243,10.37.243,10.37.243,10.37.243,10.37.243,10.37.243,10.37.243,111.197.1,111.197.1,111.197.1,112.48.122,112.48.122,112.48.122,112.48.122,115.151.217,115.151.217,115.151.217,115.151.217,120.53.58,120.53.58,125.101.123,129.209.59,129.209.59,129.209.59,138.132.36,138.132.36,138.132.36,142.154.86,142.154.86,142.248.100,142.248.100,142.248.100,142.248.100,149.189.171,149.189.171,149.189.171,15.66.227,15.66.227,186.233.250,186.233.250,188.224.231,188.224.231,188.224.231,188.224.231,192.186.241,192.186.241,198.0.33,209.128.202,209.128.202,209.128.202,209.128.202,27.245.41,36.85.207,36.85.207,36.85.207,36.85.207,37.76.239,37.76.239,37.76.239,57.34.20,57.34.20,57.34.20,59.249.66,59.249.66,59.249.66,6.19.148,6.19.148,6.19.148,6.19.148,62.99.112,62.99.112,62.99.112,62.99.112,62.99.112,68.248.17,68.248.17,73.197.170,77.45.184,77.45.184,92.182.195,92.182.195,92.182.195,92.182.195,92.182.195,97.7.191
1,06eeabc61f1..........59da491a7db,WanaCrypt0r
1,5dfdcc5f0ce19603a77209a5095fb151,WanaCrypt0r,224.0.0
1,bfad536d00bf045a418cb033fd2e61b6,WanaCrypt0r,104.1.2,104.1.2,122.20.235,122.20.235,122.20.235,125.96.246,125.96.246,140.254.28,140.254.28,147.160.12,147.160.12,156.0.89,156.0.89,158.77.254,158.77.254,162.53.90,162.53.90,178.130.132,178.130.132,179.170.179,179.170.179,179.170.179,180.225.250,180.225.250,192.141.122,192.141.122,192.182.21,192.182.21,198.124.83,198.124.83,205.81.157,205.81.157,211.43.33,211.43.33,24.230.141,24.230.141,28.22.12,28.22.12,29.74.149,29.74.149,39.87.183,39.87.183,49.90.95,49.90.95,50.81.180,50.81.180,50.81.180,51.115.109,51.115.109,55.160.25,55.160.25,58.208.243,58.208.243,8.101.121,8.101.121,86.206.62,86.206.62,87.14.196,87.14.196,87.14.196,9.136.4,9.136.4,9.158.149,9.158.149,94.254.31,94.254.31,97.105.144,97.105.144,97.105.144,97.105.144,97.105.144,97.105.144,97.105.144
1,73500cba63d71e87c3de7d80b537ba33,WanaCrypt0r,13.65.88,224.0.0
1,e1631418bf5..........f723d750a5c,WanaCrypt0r,DisableSystemProxy,HttpNoUserAgent
1,d1f86844dafc11eefe01933b3a402b32,WanaCrypt0r,DisableSystemProxy,HttpNoUserAgent,113.163.245,113.163.245,12.238.168,12.238.168,122.131.4,122.131.4,141.122.239,141.122.239,142.107.103,142.107.103,147.175.128,147.175.128,149.106.176,149.106.176,155.242.174,155.242.174,156.36.90,156.36.90,161.25.101,161.25.101,168.208.91,168.208.91,169.192.185,169.192.185,173.81.116,173.81.116,179.186.190,179.186.190,183.15.142,183.15.142,193.165.182,193.165.182,193.222.247,193.222.247,205.111.176,205.111.176,209.214.222,209.214.222,209.214.222,23.124.153,23.124.153,28.209.110,28.209.110,5.143.88,5.143.88,53.200.162,53.200.162,56.230.231,56.230.231,64.158.154,64.158.154,75.72.134,75.72.134,75.72.134,76.184.121,76.184.121,77.143.21,77.143.21,84.114.152,84.114.152,86.34.48,86.34.48,87.102.88,87.102.88,89.76.199,89.76.199
1,10975d90aa8788d59f69610b19dd353b,WanaCrypt0r,DisableSystemProxy,HttpNoUserAgent,104.213.207,104.213.207,105.156.77,105.156.77,105.199.88,105.199.88,111.81.101,111.81.101,113.173.122,113.173.122,124.18.11,124.18.11,126.236.171,126.236.171,13.82.94,13.82.94,130.1.195,130.1.195,137.154.212,137.154.212,139.177.152,139.177.152,140.122.251,140.122.251,142.39.202,142.39.202,153.138.103,153.138.103,157.48.10,157.48.10,170.41.77,170.41.77,175.242.15,175.242.15,180.82.138,180.82.138,186.107.43,186.107.43,186.162.209,186.162.209,187.239.196,187.239.196,192.120.175,192.120.175,22.221.18,22.221.18,220.158.193,220.158.193,33.46.72,33.46.72,34.67.221,34.67.221,42.54.49,42.54.49,5.166.80,5.166.80,58.237.31,58.237.31,84.32.208,84.32.208,9.245.17,9.245.17,96.214.186,96.214.186
1,bad5e48afa8fee70f57c64b2b486699f,WanaCrypt0r,ModifyWindowsFirewall,DisableSystemProxy,ResolveSinkholedDomain..,HttpNoUserAgent..,ModifyHostsFile..,Commodity.Virut.,1.119.19,1.119.19,1.207.127,1.207.127,107.182.206,107.182.206,109.48.13,109.48.13,117.239.189,117.239.189,123.172.89,123.172.89,132.230.74,132.230.74,136.195.50,136.195.50,137.88.83,137.88.83,138.187.54,138.187.54,144.153.102,144.153.102,150.157.218,150.157.218,154.102.85,154.102.85,172.94.202,172.94.202,177.82.12,177.82.12,178.5.235,178.5.235,178.5.235,181.54.207,181.54.207,19.184.50,19.184.50,194.104.120,194.104.120,198.51.4,198.51.4,208.49.147,208.49.147,211.143.106,211.143.106,218.239.89,218.239.89,220.81.204,220.81.204,23.11.215,23.11.215,37.205.29,37.205.29,4.203.13,4.203.13,55.172.37,55.172.37,61.207.141,61.207.141,70.117.172,70.117.172,71.207.113,71.207.113,96.37.46,96.37.46
1,b494b7bfd2d..........19ba1dd8859,WanaCrypt0r,DisableSystemProxy,HttpNoUserAgent
1,76baf35b031c83e76a8cf33ee75e84d8,WanaCrypt0r,DisableSystemProxy,HttpNoUserAgent,101.10.11,101.10.11,106.96.194,106.96.194,120.39.15,120.39.15,124.16.26,124.16.26,134.179.146,134.179.146,139.132.219,139.132.219,139.38.129,139.38.129,14.236.169,14.236.169,14.86.115,14.86.115,14.86.115,14.86.115,14.86.115,145.6.14,145.6.14,151.66.74,151.66.74,152.129.136,152.129.136,154.174.177,154.174.177,179.111.198,179.111.198,185.52.108,185.52.108,185.52.108,188.146.89,188.146.89,189.192.42,189.192.42,19.179.249,19.179.249,191.119.87,191.119.87,191.119.87,193.179.209,193.179.209,194.206.251,194.206.251,20.32.136,20.32.136,214.0.205,214.0.205,214.0.205,219.211.195,33.196.137,33.196.137,33.196.137,34.86.28,34.86.28,37.155.187,37.155.187,38.252.185,38.252.185,48.204.188,48.204.188,60.225.133,60.225.133,66.252.159,66.252.159,81.118.120,81.118.120,81.118.120,81.118.120,81.135.12,81.135.12,81.135.12
1,8d5a5fe3a2b12d1d2c7b494bc78e64f9,WanaCrypt0r,224.0.0,52.168.138
1,76e12fee74da2c64ee44bb762d6907a3,WanaCrypt0r,DisableSystemProxy,HttpNoUserAgent,104.17.38
1,7f11d264b1a..........8ae80d6b72d,WanaCrypt0r,DisableSystemProxy,HttpNoUserAgent
1,dd1b5bb43430375a750b1c779a969a09,WanaCrypt0r,DisableSystemProxy,HttpNoUserAgent,10.212.34,10.212.34,10.212.34,10.212.34,10.212.34,10.212.34,10.212.34,10.212.34,10.212.34,10.212.34,10.212.34,10.212.34,10.212.34,10.212.34,10.212.34,10.212.34,10.212.34,10.212.34,10.212.34,116.201.59,116.201.59,129.175.59,129.175.59,129.7.40,129.7.40,130.6.117,130.6.117,138.208.117,138.208.117,141.242.152,141.242.152,156.96.152,156.96.152,159.98.192,159.98.192,167.129.64,167.129.64,175.175.87,175.175.87,178.27.233,178.27.233,182.127.40,182.127.40,188.7.182,188.7.182,188.7.182,191.237.17,191.237.17,204.51.217,204.51.217,208.38.220,208.38.220,21.233.104,21.233.104,21.51.13,21.51.13,210.13.236,210.13.236,212.175.81,212.175.81,22.235.159,22.235.159,32.224.65,32.224.65,38.120.115,38.120.115,47.96.252,47.96.252,5.192.50,5.192.50,56.4.242,56.4.242,62.44.64,62.44.64,69.120.210,69.120.210,75.179.94,75.179.94,81.154.68,81.154.68,90.112.215,90.112.215
1,abc9ed9a3723a588f92e79ab67ed69df,WanaCrypt0r,DisableSystemProxy,HttpNoUserAgent,103.40.117,103.40.117,105.254.7,105.254.7,11.251.176,11.251.176,144.173.140,144.173.140,146.51.144,146.51.144,150.29.51,150.29.51,151.55.224,151.55.224,151.55.224,153.233.14,153.233.14,158.155.196,158.155.196,163.97.99,163.97.99,170.221.3,170.221.3,173.186.232,173.186.232,173.186.232,173.186.232,173.186.232,173.90.215,173.90.215,177.211.120,177.211.120,182.231.133,182.231.133,182.231.133,20.27.44,20.27.44,200.80.142,200.80.142,203.20.79,203.20.79,206.197.234,206.197.234,206.228.72,206.228.72,211.94.214,211.94.214,216.52.88,216.52.88,221.220.100,221.220.100,31.69.103,31.69.103,34.134.126,34.134.126,36.78.135,36.78.135,54.134.88,54.134.88,63.125.204,63.125.204,64.134.0,64.134.0,73.214.4,73.214.4,73.214.4,77.222.132,77.222.132,78.60.91
1,15a05951620d79bbc9251d3041957ccf,WanaCrypt0r,DisableSystemProxy,HttpNoUserAgent,1.98.156,1.98.156,100.123.15,100.123.15,100.173.51,100.173.51,101.153.50,101.153.50,105.76.214,105.76.214,126.236.177,126.236.177,140.20.49,140.20.49,150.51.216,150.51.216,152.21.20,152.21.20,153.11.79,153.11.79,161.117.195,161.117.195,188.76.27,188.76.27,198.76.83,198.76.83,203.108.30,203.108.30,208.64.249,208.64.249,208.64.249,30.13.107,30.13.107,31.71.18,31.71.18,32.40.13,32.40.13,35.124.51,35.124.51,39.204.7,39.204.7,44.46.192,44.46.192,50.25.234,50.25.234,53.41.225,53.41.225,55.213.157,55.213.157,64.153.138,64.153.138,70.1.105,70.1.105,72.221.35,72.221.35,72.221.35,75.135.87,75.135.87,79.25.67,79.25.67,79.25.67,79.25.67,84.180.213,84.180.213,84.180.213,87.200.86,87.200.86,98.244.173,98.244.173
1,1e0a1af7578d74103b3b28c2a12813ed,WanaCrypt0r,105.99.186,105.99.186,123.137.1,123.137.1,129.122.9,129.122.9,136.119.72,136.119.72,137.206.149,137.206.149,140.254.111,140.254.111,146.63.222,146.63.222,148.244.212,148.244.212,154.31.10,154.31.10,155.38.101,155.38.101,161.153.92,161.153.92,161.251.22,161.251.22,167.6.80,167.6.80,19.219.191,19.219.191,191.173.51,191.173.51,191.36.38,191.36.38,205.129.13,205.129.13,207.54.154,207.54.154,207.54.154,213.246.95,213.246.95,220.171.189,35.254.222,35.254.222,35.254.222,35.3.69,35.3.69,41.206.42,41.206.42,41.206.42,44.131.225,44.131.225,47.52.113,47.52.113,47.52.113,50.186.34,50.186.34,51.246.7,51.246.7,54.171.76,54.171.76,65.27.48,65.27.48,76.62.198,76.62.198,77.113.229,77.113.229,77.186.244,77.186.244,79.26.81,79.26.81,79.26.81
1,40c7dffb79656d9ec9fa6e9f9a481a18,WanaCrypt0r,224.0.0,52.168.138
1,4cc0cf5168f..........4f83672a8c9,WanaCrypt0r,DisableSystemProxy,HttpNoUserAgent
1,06e555261dd6d4112014a778d2139ae0,WanaCrypt0r,DisableSystemProxy,HttpNoUserAgent,109.86.190,109.86.190,126.145.162,126.145.162,126.145.162,126.145.162,126.21.150,126.21.150,128.168.114,128.168.114,13.129.170,13.129.170,139.226.170,139.226.170,14.36.69,14.36.69,170.136.249,170.136.249,185.18.165,185.18.165,185.18.165,185.18.165,185.18.165,185.18.165,185.18.165,185.18.165,185.18.165,185.18.165,185.18.165,185.18.165,194.218.101,194.218.101,204.101.94,204.101.94,208.31.51,208.31.51,211.86.106,211.86.106,220.18.7,220.18.7,25.56.199,25.56.199,28.169.231,28.169.231,31.226.146,31.226.146,38.199.190,38.199.190,38.223.253,38.223.253,42.155.1,42.155.1,44.63.95,44.63.95,46.115.17,46.115.17,67.14.5,67.14.5,73.164.71,73.164.71,73.51.172,73.51.172,75.152.139,75.152.139,77.6.67,77.6.67,84.7.134,84.7.134,89.24.191,89.24.191,89.98.250,89.98.250,89.98.250,96.166.111,96.166.111,97.12.113,97.12.113
1,71de8f4bfead9aba71071b955b2f2ec2,WanaCrypt0r,HttpNoUserAgent,193.181.73,133.19.54,153.234.103,187.53.66,78.222.155,7.12.32,32.106.169,106.136.248,77.11.15,78.222.155,80.51.70,209.208.110,28.41.140,106.136.248,193.181.73,95.91.146,56.33.199,153.234.103,222.152.36,224.0.0,113.46.65,214.241.207,133.19.54,28.41.140,136.89.242,77.11.15,198.55.240,187.53.66,122.43.76,113.46.65,101.129.123,109.190.83,32.106.169,214.241.207,80.51.70,153.234.103,95.91.146,133.19.54,158.28.151,89.167.15,122.43.76,109.190.83,109.145.128,122.43.76,56.33.199,109.145.128,102.25.68,198.55.240,158.28.151,102.25.68,198.55.240,39.157.108,222.152.36,198.55.240,101.129.123,209.208.110,7.12.32,4.94.203,54.188.57,222.152.36,77.11.15,39.157.108,138.198.94,52.168.138,89.167.15,77.11.15,82.96.75,122.43.76,91.92.167,95.91.146,136.89.242,91.92.167,153.234.103,198.55.240,54.188.57,138.198.94,82.96.75,4.94.203,122.43.76
1,8930d4126687926ff92b03d6de5c1a4c,WanaCrypt0r
1,c7f8ce13cca981faca5653cf240af3fe,WanaCrypt0r
1,38e24d17662a851c0e21dbd19a7ff8f3,WanaCrypt0r,DisableSystemProxy,HttpNoUserAgent,8.83.0,212.219.70,99.113.148,172.146.105,194.71.50,194.71.50,4.143.234,189.118.52,95.224.254,106.243.115,95.47.13,81.169.223,98.220.45,209.36.131,132.141.166,201.192.53,22.66.63,81.169.223,205.151.228,81.169.223,172.146.105,205.151.228,4.143.234,212.219.70,201.192.53,95.47.13,173.198.121,212.219.70,114.236.164,212.219.70,202.221.246,223.227.0,172.208.172,13.163.5,8.83.0,212.219.70,22.66.63,81.169.223,81.169.223,202.221.246,62.184.139,98.220.45,95.224.254,29.202.142,175.177.221,36.16.55,35.237.209,81.169.223,81.169.223,212.219.70,180.190.234,212.219.70,106.243.115,189.144.166,13.163.5,189.144.166,189.118.52,75.209.251,36.16.55,35.237.209,180.190.234,29.202.142,212.219.70,212.219.70,209.36.131,175.177.221,132.141.166,17.194.131,175.177.221,212.219.70,172.208.172,114.236.164,173.198.121,223.227.0,189.118.52,62.184.139,104.41.151,17.194.131,99.113.148,75.209.251
1,87151d9a57721ab8c024cdb5158f6b77,WanaCrypt0r,DisableSystemProxy,HttpNoUserAgent,10.129.73,10.129.73,10.129.73,10.129.73,10.129.73,10.129.73,10.129.73,10.129.73,10.129.73,10.129.73,10.129.73,10.129.73,10.129.73,10.129.73,10.129.73,10.129.73,10.129.73,10.129.73,10.129.73,10.129.73,10.129.73,10.129.73,117.1.128,122.204.200,125.57.173,125.57.173,141.40.153,153.168.218,153.168.218,157.154.195,165.40.33,165.40.33,172.30.145,172.30.145,172.30.145,172.30.145,172.30.145,172.30.145,172.30.145,172.30.145,172.30.145,172.30.145,172.30.145,172.30.145,172.30.145,172.30.145,172.30.145,172.30.145,172.30.145,172.30.145,172.30.145,172.30.145,172.30.145,172.30.145,172.30.145,172.30.145,172.30.145,172.30.145,172.30.145,172.30.145,172.30.145,172.30.145,172.30.145,172.30.145,172.30.145,172.30.145,174.20.28,176.88.172,18.12.181,184.254.60,185.240.172,186.130.140,186.130.140,187.208.153,187.208.153,189.134.64,189.134.64,199.171.27,199.92.180,199.92.180,207.203.247,23.177.186,25.129.43,39.28.7,39.28.7,40.201.85,40.201.85,5.83.0,5.83.0,83.177.122,83.177.122,84.210.241,84.210.241,9.11.193,95.169.165,96.76.158,99.41.149
1,ac7b51555e3..........b5bd346cfe2,WanaCrypt0r,ModifyWindowsFirewall,ResolveSinkholedDomain,DisableSystemProxy..,HttpNoUserAgent..,Commodity.Virut.
1,fea605700d1d76db31520143e83683d5,WanaCrypt0r
1,b0511e30c29a415dcfec1d0560e46c02,WanaCrypt0r,DisableSystemProxy,HttpNoUserAgent,100.139.36,100.139.36,103.248.181,103.248.181,103.248.181,106.140.89,106.140.89,111.197.194,119.194.144,119.194.144,119.32.114,119.32.114,13.166.42,13.166.42,13.166.42,133.71.233,133.71.233,134.24.193,134.24.193,136.171.40,136.171.40,140.213.114,140.213.114,141.127.104,141.127.104,148.82.205,148.82.205,17.247.100,17.247.100,184.1.48,184.1.48,190.144.55,190.144.55,192.12.156,192.12.156,200.128.219,200.128.219,200.196.53,200.196.53,200.196.53,203.147.2,203.147.2,203.147.2,203.147.2,203.147.2,203.147.2,206.221.53,206.221.53,206.221.53,206.221.53,206.221.53,206.221.53,209.33.244,209.33.244,210.243.168,210.243.168,215.90.42,215.90.42,218.31.73,218.31.73,22.139.8,22.139.8,30.32.88,30.32.88,30.32.88,31.208.195,31.208.195,46.236.193,46.236.193,46.236.193,46.236.193,46.236.193,46.236.193,46.236.193,46.236.193,46.236.193,46.236.193,46.236.193,73.38.212,73.38.212,73.38.212,87.38.125,87.38.125,89.162.107,89.162.107,89.162.107
1,191a2698e9274a2b2a81a698e97667ef,WanaCrypt0r,DisableSystemProxy,HttpNoUserAgent,1.241.72,1.241.72,1.241.72,104.149.65,104.149.65,105.219.184,105.219.184,114.254.228,114.254.228,118.75.189,118.75.189,119.206.106,119.206.106,119.206.106,121.152.95,121.152.95,121.152.95,128.97.201,128.97.201,134.220.19,134.220.19,138.146.215,138.146.215,140.71.112,140.71.112,140.71.112,142.245.148,142.245.148,142.245.148,143.132.169,143.132.169,147.35.122,147.35.122,147.35.122,150.59.91,150.59.91,150.59.91,175.247.246,175.247.246,175.247.246,177.3.171,177.3.171,182.187.107,182.187.107,182.187.107,182.209.172,182.209.172,182.209.172,216.234.25,216.234.25,219.210.149,219.210.149,219.210.149,222.94.54,222.94.54,222.94.54,28.170.143,28.170.143,33.101.0,33.101.0,4.243.138,4.243.138,4.243.138,55.143.58,55.143.58,63.243.188,63.243.188,63.243.188,67.113.55,67.113.55,67.123.93,67.123.93,67.123.93,80.191.238,80.191.238,80.191.238,80.191.238,80.191.238,80.191.238,80.191.238,80.191.238,80.191.238,92.26.68,92.26.68,99.7.134,99.7.134,99.7.134
1,b741637de05c7fc9f73ec3ab35b384e8,WanaCrypt0r,DisableSystemProxy,HttpNoUserAgent,104.195.226,104.195.226,104.195.226,104.195.226,105.245.154,105.245.154,105.245.154,105.245.154,106.130.149,106.130.149,106.130.149,106.130.149,109.52.142,109.52.142,109.52.142,111.162.186,111.162.186,113.184.14,113.184.14,113.184.14,117.157.108,117.157.108,117.157.108,117.157.108,118.56.4,118.56.4,118.56.4,118.56.4,118.56.4,122.202.202,122.202.202,122.202.202,122.202.202,138.56.174,138.56.174,138.56.174,14.206.56,14.206.56,15.3.208,15.3.208,15.3.208,152.24.8,152.24.8,152.24.8,160.201.135,160.201.135,17.244.152,17.244.152,174.218.152,174.218.152,174.218.152,188.235.37,188.235.37,188.235.37,188.235.37,196.38.8,196.38.8,196.38.8,206.250.235,206.250.235,222.141.160,222.141.160,222.141.160,222.218.117,222.218.117,222.218.117,222.218.117,37.175.161,37.175.161,37.175.161,49.85.197,49.85.197,61.66.84,61.66.84,61.66.84,62.247.125,62.247.125,66.199.19,66.199.19,66.199.19,66.199.19,68.245.1,68.245.1,68.245.1,68.245.1,68.245.1,70.66.248,70.66.248,70.66.248,82.120.13,82.120.13,82.120.13,90.72.219,90.72.219,90.72.219,93.226.35,93.226.35,93.226.35
1,b583313568171e5112f34fcfc5371eea,WanaCrypt0r,DisableSystemProxy,HttpNoUserAgent,InvokeWindowsShellCommand..,HiddenFileAttribute..,46640.Modify_Permission.,102.164.92,102.164.92,104.39.79,104.39.79,104.39.79,110.252.192,110.252.192,110.252.192,110.252.192,121.166.213,121.166.213,121.166.213,121.166.213,133.204.249,133.204.249,133.204.249,133.204.249,133.204.249,136.145.133,136.145.133,136.145.133,146.140.111,146.140.111,146.140.111,156.233.69,156.233.69,156.233.69,156.233.69,161.81.25,161.81.25,161.81.25,167.41.30,167.41.30,167.41.30,185.226.151,185.226.151,185.226.151,186.243.124,186.243.124,186.243.124,186.86.81,186.86.81,194.22.203,194.22.203,20.44.68,20.44.68,20.44.68,20.44.68,201.254.167,201.254.167,201.254.167,201.254.167,201.254.167,201.254.167,208.234.179,208.234.179,214.111.60,214.111.60,214.111.60,214.111.60,216.32.207,216.32.207,216.32.207,216.32.207,217.50.95,217.50.95,223.30.94,223.30.94,33.178.168,33.178.168,44.112.8,44.112.8,44.112.8,44.112.8,51.71.249,63.56.86,70.82.32,70.82.32,75.42.58,75.42.58,75.42.58,76.55.217,76.55.217,76.55.217,9.20.198,9.20.198,9.20.198,92.78.178,92.78.178,92.78.178,92.78.61,92.78.61,92.78.61,92.78.61,96.219.102,96.219.102,96.219.102
1,8204c1779d8..........b239157ee12,WanaCrypt0r
1,ed723b49893ce667e8fd2d1f16a11176,WanaCrypt0r,ModifyWindowsFirewall,DisableSystemProxy,ResolveSinkholedDomain..,HttpNoUserAgent..,Commodity.Virut.,106.232.26,106.232.26,111.53.94,111.53.94,12.196.71,12.196.71,124.48.48,124.48.48,124.48.48,149.182.100,149.182.100,157.68.153,157.68.153,160.137.61,160.137.61,167.46.249,167.46.249,180.146.250,180.146.250,191.59.180,191.59.180,198.192.202,198.192.202,202.236.95,202.236.95,204.48.248,204.48.248,205.13.41,205.13.41,212.133.62,212.133.62,214.231.111,214.231.111,216.134.102,216.134.102,23.154.68,23.154.68,23.34.45,23.34.45,28.62.22,28.62.22,32.223.125,32.223.125,34.167.247,34.167.247,41.115.54,41.115.54,62.23.128,62.23.128,64.164.130,64.164.130,66.171.8,66.171.8,76.200.140,76.200.140,87.228.182,87.228.182,87.228.182,87.228.182,93.171.135,93.171.135,93.171.135,93.171.135,96.93.40,96.93.40,97.4.63,97.4.63,97.51.230,97.51.230
1,dcfe1c3116b3f0e64ab03558fa61c452,WanaCrypt0r,DisableSystemProxy,HttpNoUserAgent,103.125.27,103.125.27,111.68.24,111.68.24,111.68.24,111.68.24,111.68.24,111.68.24,111.68.24,111.68.24,111.68.24,111.80.72,111.80.72,117.230.21,117.230.21,118.125.13,118.125.13,12.233.135,12.233.135,125.214.92,125.214.92,128.15.207,128.15.207,170.250.52,170.250.52,170.250.52,170.41.68,170.41.68,174.7.252,174.7.252,182.127.142,182.127.142,185.240.59,185.240.59,189.35.23,189.35.23,189.35.23,189.35.23,189.35.23,19.193.44,19.193.44,196.182.213,196.182.213,2.211.152,2.211.152,202.120.254,202.120.254,207.86.70,207.86.70,212.53.128,212.53.128,214.195.90,214.195.90,221.215.212,221.215.212,223.157.58,223.157.58,46.117.127,46.117.127,48.122.150,48.122.150,50.207.228,50.207.228,53.106.50,53.106.50,75.230.193,75.230.193,80.114.124,80.114.124,80.114.124,82.154.240,82.154.240,83.15.112,83.15.112,83.15.112,83.15.112,90.9.76,90.9.76
1,7a52de296f65ec45927ba82177b2bc95,WanaCrypt0r,DisableSystemProxy,HttpNoUserAgent,103.204.115,103.204.115,107.198.27,107.198.27,107.198.27,110.190.177,110.190.177,128.132.136,128.132.136,13.33.30,13.33.30,131.150.64,131.150.64,135.76.36,135.76.36,135.76.36,135.76.36,135.94.182,135.94.182,146.161.98,146.161.98,146.161.98,15.45.185,15.45.185,15.45.185,150.156.145,150.156.145,167.208.56,167.208.56,167.236.86,167.236.86,168.159.143,168.159.143,168.159.143,17.102.94,17.102.94,179.94.178,179.94.178,179.94.178,179.94.178,18.171.159,18.171.159,18.171.159,194.115.24,194.115.24,20.158.207,20.158.207,203.179.51,203.179.51,21.56.194,21.56.194,21.56.194,210.177.112,210.177.112,215.71.199,215.71.199,22.227.98,22.227.98,33.222.28,33.222.28,33.222.28,40.172.167,40.172.167,44.162.198,44.162.198,50.182.4,50.182.4,58.152.192,58.152.192,58.152.192,77.171.161,77.171.161,79.92.137,79.92.137,93.90.4,93.90.4
1,afa15a75a9e..........39506141030,WanaCrypt0r,ModifyWindowsFirewall,DisableSystemProxy,HttpNoUserAgent..,Commodity.Virut.
1,41191349cfcb164300a48fb8da17d175,WanaCrypt0r,DisableSystemProxy,HttpNoUserAgent,102.47.75,102.47.75,13.142.3,13.142.3,138.13.109,138.13.109,145.115.57,145.115.57,145.242.60,145.242.60,146.129.251,146.129.251,166.137.22,166.137.22,168.22.130,168.22.130,170.132.24,170.132.24,179.217.149,179.217.149,182.250.139,182.250.139,184.87.218,184.87.218,186.146.56,186.146.56,187.31.214,187.31.214,188.234.123,188.234.123,198.116.210,198.116.210,209.163.30,209.163.30,210.191.73,210.191.73,221.249.100,221.249.100,221.40.87,221.40.87,23.141.20,23.141.20,27.73.26,27.73.26,32.189.148,32.189.148,32.221.14,32.221.14,39.1.243,39.1.243,41.67.194,41.67.194,57.95.202,57.95.202,58.117.136,58.117.136,6.245.122,6.245.122,66.2.229,66.2.229,73.84.68,73.84.68,93.122.243,93.122.243
1,e4ef3024cb9561d2798b08158d183c20,WanaCrypt0r
1,ef9df6816e6b2b106c85edaa9707386d,WanaCrypt0r,DisableSystemProxy,HttpNoUserAgent,101.194.88,101.194.88,104.225.105,104.225.105,107.236.27,107.236.27,111.17.54,111.17.54,124.213.134,124.213.134,124.213.134,124.235.2,124.235.2,134.69.106,134.69.106,135.131.221,135.131.221,135.209.182,135.209.182,165.139.234,165.139.234,171.137.188,171.137.188,178.224.67,178.224.67,182.208.215,182.208.215,2.36.71,2.36.71,2.36.71,20.101.114,20.101.114,206.179.86,206.179.86,207.83.207,207.83.207,212.249.66,212.249.66,223.135.43,223.135.43,39.33.190,39.33.190,59.155.102,59.155.102,63.164.168,63.164.168,67.139.229,67.139.229,67.160.11,67.160.11,68.58.36,68.58.36,70.37.21,70.37.21,73.61.185,73.61.185,74.67.49,74.67.49,77.194.155,77.194.155,77.194.155,84.176.126,84.176.126,85.104.159,85.104.159,93.105.102,93.105.102
1,de2a9ee50c2..........ad5509095cf,WanaCrypt0r,DisableSystemProxy,HttpNoUserAgent
1,dd8a6ac16cf7b52d58cc9f3e98ffd1ed,WanaCrypt0r,DisableSystemProxy,HttpNoUserAgent,102.174.123,102.174.123,102.174.123,103.216.184,103.216.184,103.216.184,103.56.107,103.56.107,114.150.246,114.150.246,14.181.73,14.181.73,144.254.254,144.254.254,156.142.248,156.142.248,156.142.248,158.138.238,158.138.238,158.138.238,163.226.53,163.226.53,168.129.219,168.129.219,176.102.88,176.102.88,186.24.243,186.24.243,188.120.9,188.120.9,188.120.9,19.28.182,19.28.182,19.28.182,20.116.251,20.116.251,200.161.254,200.161.254,200.161.254,206.55.100,206.55.100,206.55.100,206.55.100,206.55.100,210.234.254,210.234.254,210.234.254,210.234.254,217.149.4,217.149.4,217.149.4,221.121.13,221.121.13,25.199.236,25.199.236,31.205.191,31.205.191,31.205.191,33.11.137,33.11.137,40.66.197,40.66.197,45.145.144,45.145.144,45.229.69,45.229.69,46.186.70,46.186.70,59.188.18,59.188.18,61.188.173,61.188.173,62.27.249,62.27.249,76.153.110,76.153.110,93.59.120,93.59.120
1,db990dfae08272216f7510b1759c94b3,WanaCrypt0r,DisableSystemProxy,HttpNoUserAgent,100.67.178,100.67.178,100.67.178,104.232.235,104.232.235,104.232.235,108.233.24,108.233.24,108.233.24,112.39.91,112.39.91,112.39.91,113.79.197,113.79.197,113.79.197,123.212.247,123.212.247,123.212.247,138.196.58,138.196.58,151.204.167,151.204.167,151.204.167,152.44.107,152.44.107,157.137.61,157.137.61,157.137.61,157.229.82,157.229.82,162.217.170,162.217.170,162.217.170,162.217.170,167.245.236,167.245.236,185.194.233,185.194.233,185.194.233,185.194.233,185.194.233,185.194.233,186.74.179,186.74.179,186.74.179,204.191.42,204.191.42,218.150.213,218.150.213,218.150.213,22.159.40,22.159.40,22.159.40,223.141.93,223.141.93,223.141.93,3.0.7,3.0.7,34.34.41,34.34.41,34.34.41,47.17.197,47.17.197,47.17.197,49.79.119,49.79.119,49.79.119,50.105.15,50.105.15,66.60.224,66.60.224,66.60.224,66.60.224,66.60.224,68.228.132,68.228.132,68.228.132,68.228.132,70.205.131,70.205.131,70.205.131,74.36.234,74.36.234,76.246.165,76.246.165,79.242.224,79.242.224,79.242.224,9.143.141,9.143.141,9.143.141,90.61.33,90.61.33,90.61.33
1,d9c66acd06440b38176de487a48fb96e,WanaCrypt0r,DisableSystemProxy,HttpNoUserAgent,108.88.151,108.88.151,113.32.181,113.32.181,114.106.124,114.106.124,117.80.23,117.80.23,128.145.177,128.145.177,139.0.253,139.0.253,147.38.66,147.38.66,151.207.30,151.207.30,159.122.161,159.122.161,165.148.91,165.148.91,17.165.234,17.165.234,174.39.156,174.39.156,180.73.219,180.73.219,188.47.28,188.47.28,191.190.65,191.190.65,2.197.214,2.197.214,204.61.191,204.61.191,206.60.91,206.60.91,217.242.204,217.242.204,32.35.209,32.35.209,47.11.86,47.11.86,49.24.129,49.24.129,54.151.251,54.151.251,54.164.215,54.164.215,60.87.178,60.87.178,62.67.216,62.67.216,63.199.134,63.199.134,63.199.134,67.9.83,67.9.83,69.196.162,69.196.162,79.95.146,79.95.146,92.101.31,92.101.31,95.145.94,95.145.94
1,ca2c573c03c739105cc2f021749003d2,WanaCrypt0r,DisableSystemProxy,HttpNoUserAgent
1,39c8f61005f7ee74d001632ceda9c1c8,WanaCrypt0r
1,b88cd74c1aa420929f52fe92006c97a1,WanaCrypt0r,DisableSystemProxy,HttpNoUserAgent,103.119.61,103.119.61,103.119.61,105.7.77,105.7.77,105.7.77,106.160.121,106.160.121,109.235.143,109.235.143,109.235.143,109.235.143,120.13.76,120.13.76,120.13.76,120.13.76,129.73.80,129.73.80,129.73.80,129.73.80,130.181.140,130.181.140,134.16.13,134.16.13,139.120.123,139.120.123,139.120.123,155.141.14,155.141.14,156.97.200,156.97.200,156.97.200,177.16.88,177.16.88,177.16.88,177.16.88,178.107.0,178.107.0,178.107.0,18.232.189,18.232.189,18.232.189,187.131.232,187.131.232,196.121.39,196.121.39,196.121.39,196.121.39,214.196.137,214.196.137,214.196.137,216.2.210,216.2.210,216.2.210,216.2.210,216.48.190,216.48.190,216.48.190,218.99.11,218.99.11,218.99.11,22.151.164,22.151.164,22.151.164,223.157.218,223.157.218,223.157.218,24.240.166,24.240.166,24.240.166,24.240.166,26.135.29,26.135.29,26.135.29,26.135.29,26.135.29,3.132.28,3.132.28,35.68.196,35.68.196,35.68.196,36.83.213,46.30.163,52.65.2,52.65.2,52.65.2,52.65.2,52.65.2,52.65.2,60.251.238,60.251.238,60.251.238,60.251.238,60.251.238,60.251.238,77.53.129,77.53.129,77.53.129
1,2e3903e7bd8af72a61bc542d30cfa96a,WanaCrypt0r,106.14.156,106.14.156,106.186.65,106.186.65,116.0.228,116.0.228,142.142.117,142.142.117,150.172.230,150.172.230,16.77.221,16.77.221,162.32.218,162.32.218,169.105.164,169.105.164,169.225.13,169.225.13,174.81.136,174.81.136,180.87.165,180.87.165,181.210.205,181.210.205,182.102.51,182.102.51,187.29.164,187.29.164,198.231.156,198.231.156,213.196.247,213.196.247,213.196.247,213.196.247,213.196.247,213.196.247,213.196.247,213.196.247,213.64.159,213.64.159,213.64.159,24.129.152,24.129.152,29.198.119,29.198.119,35.13.29,35.13.29,45.244.243,45.244.243,49.48.190,49.48.190,50.214.135,50.214.135,51.128.244,51.128.244,53.92.196,53.92.196,54.33.158,54.33.158,6.63.8,6.63.8,7.107.47,7.107.47,84.39.22,84.39.22,85.235.229,85.235.229,86.224.177,86.224.177,87.115.60,87.115.60
1,838c8620523b26515f8be0b76fb65780,WanaCrypt0r
1,4d4a68e6692deaef17a3109033c0832b,WanaCrypt0r
1,1ff6809ca04c37c7d0ad75477056fe67,WanaCrypt0r,10.52.167,10.52.167,10.52.167,10.52.167,10.52.167,10.52.167,10.52.167,10.52.167,10.52.167,10.52.167,10.52.167,10.52.167,10.52.167,10.52.167,10.52.167,10.52.167,10.52.167,10.52.167,10.52.167,10.52.167,10.52.167,10.52.167,10.52.167,10.52.167,10.52.167,10.52.167,10.52.167,10.52.167,10.52.167,10.52.167,10.52.167,10.52.167,100.7.125,108.118.18,108.118.18,112.246.251,116.157.229,117.205.65,14.246.201,149.142.93,167.142.31,167.142.31,167.142.31,167.142.31,167.142.31,167.142.31,167.142.31,167.142.31,177.195.117,177.195.117,180.234.248,180.234.248,187.253.17,187.253.17,188.102.90,188.102.90,188.102.90,188.102.90,188.102.90,188.102.90,188.102.90,188.102.90,188.102.90,188.102.90,188.102.90,194.70.66,194.70.66,199.64.174,199.64.174,202.167.228,202.167.228,40.157.56,41.186.195,41.186.195,45.152.212,53.38.30,53.38.30,78.250.157,78.250.157,80.233.243,80.233.243,80.233.243,80.233.243,80.233.243,82.189.227,83.223.203,83.223.203,83.223.203,83.223.203,83.223.203,88.239.33,88.239.33,88.246.48,88.246.48,88.246.48,88.246.48,9.115.108,92.116.223
1,13884500e0c73ad1340a497f188ee3a4,WanaCrypt0r
1,02ac5a61d582043d6fc54dd1b95e7362,WanaCrypt0r,DisableSystemProxy,HttpNoUserAgent,109.148.245,109.148.245,118.109.134,118.109.134,118.109.134,122.171.10,122.171.10,124.64.146,124.64.146,124.64.146,126.41.177,126.41.177,135.109.39,135.109.39,136.216.254,136.216.254,146.89.110,146.89.110,146.89.110,148.210.117,148.210.117,152.21.70,152.21.70,157.40.147,157.40.147,16.94.131,16.94.131,170.52.77,170.52.77,174.75.45,174.75.45,19.154.200,19.154.200,193.76.11,193.76.11,194.87.46,194.87.46,194.87.46,199.156.219,199.156.219,2.79.33,2.79.33,2.79.33,201.60.28,201.60.28,215.197.31,215.197.31,215.197.31,217.253.142,217.253.142,3.219.160,3.219.160,52.83.225,52.83.225,52.83.225,65.100.172,65.100.172,65.80.57,65.80.57,76.247.250,76.247.250,80.52.121,80.52.121,80.52.121,80.52.121,84.195.113,84.195.113,92.111.238,92.111.238,92.188.181,92.188.181,94.88.113,94.88.113
1,e0802e1cb741992aab36e55a6985066f,WanaCrypt0r
1,41a4118f8da94ef63b3e3b8c65add384,WanaCrypt0r
1,fb859dc17c7f9bcca15ff5f60739fe49,WanaCrypt0r,DisableSystemProxy,HttpNoUserAgent,107.97.174,107.97.174,112.225.157,112.225.157,112.85.252,112.85.252,118.7.49,118.7.49,123.84.235,123.84.235,145.183.157,145.183.157,146.199.149,146.199.149,150.45.75,150.45.75,163.143.171,163.143.171,177.211.154,177.211.154,178.110.71,178.110.71,181.198.167,181.198.167,181.198.167,20.184.1,20.184.1,204.150.163,204.150.163,214.49.61,214.49.61,26.86.19,26.86.19,3.146.69,3.146.69,39.214.214,39.214.214,45.72.58,45.72.58,46.157.41,46.157.41,5.226.57,5.226.57,50.213.197,50.213.197,50.213.197,53.236.147,53.236.147,66.7.220,66.7.220,69.217.225,69.217.225,76.188.156,76.188.156,82.165.143,82.165.143,83.206.227,83.206.227,86.163.183,86.163.183,91.135.238,91.135.238,93.116.75,93.116.75,99.132.226,99.132.226
1,38524fac3e1a0c235e3f7adddabcabdd,WanaCrypt0r
1,20d5d3b42740be19b49e5854f11cc398,WanaCrypt0r
1,14c60de3fae2c8409e71576c55ff268e,WanaCrypt0r,DisableSystemProxy,HttpNoUserAgent,1.4.1,1.4.1,111.107.184,111.107.184,111.107.184,113.11.214,113.11.214,113.11.214,113.64.160,113.64.160,119.243.48,119.243.48,119.243.48,119.243.48,122.63.197,122.63.197,122.63.197,122.63.197,129.229.41,129.229.41,129.248.191,129.248.191,129.248.191,129.248.191,136.204.72,136.204.72,142.185.220,142.185.220,142.185.220,142.185.220,143.251.108,143.251.108,143.251.108,143.251.108,147.164.181,147.164.181,147.164.181,162.93.161,162.93.161,162.93.161,17.110.231,17.110.231,17.110.231,176.238.233,176.238.233,176.238.233,176.238.233,184.179.62,184.179.62,184.179.62,184.179.62,186.76.108,186.76.108,191.27.206,191.27.206,192.63.103,192.63.103,192.63.103,2.57.116,2.57.116,2.57.116,2.57.116,202.136.145,202.136.145,206.213.126,206.213.126,209.105.90,209.105.90,209.105.90,209.105.90,23.148.54,23.148.54,23.148.54,23.148.54,24.10.61,24.10.61,47.95.68,47.95.68,47.95.68,48.203.196,48.203.196,50.152.214,50.152.214,50.152.214,50.152.214,55.28.56,55.28.56,69.65.214,69.65.214,69.65.214,93.76.58,93.76.58,93.76.58,96.206.135,96.206.135
1,36a9b197111576ae22af9b6accdcc476,WanaCrypt0r
1,b86a6d171ce..........0f55d38b666,WanaCrypt0r,DisableSystemProxy,HttpNoUserAgent
1,a64b2b8f707..........6dfbd7e3926,WanaCrypt0r
1,03dfcaabf6bbd4fcd24cb53278b959d7,WanaCrypt0r
1,87dc62e9d0c..........204aa970a47,WanaCrypt0r,DisableSystemProxy,HttpNoUserAgent
1,bbc59bcba3f..........17221cdca6d,WanaCrypt0r,DisableSystemProxy,HttpNoUserAgent
1,fb6ffcc1b3e62415ee0381164e453b79,WanaCrypt0r,102.113.11,102.113.11,107.118.110,107.118.110,108.119.86,108.119.86,109.43.48,109.43.48,135.58.143,135.58.143,143.49.173,143.49.173,147.157.239,147.157.239,149.243.12,149.243.12,15.211.96,15.211.96,168.232.52,168.232.52,17.15.115,17.15.115,182.203.247,182.203.247,183.112.175,183.112.175,194.37.180,194.37.180,196.168.70,196.168.70,196.168.70,2.22.61,2.22.61,205.215.202,205.215.202,221.14.146,221.14.146,24.115.19,24.115.19,24.115.19,24.115.19,24.115.19,24.115.19,24.115.19,24.115.19,24.115.19,24.115.19,24.115.19,24.115.19,35.11.192,35.11.192,37.254.202,37.254.202,38.17.15,38.17.15,51.77.175,51.77.175,61.240.37,61.240.37,65.34.59,65.34.59,76.48.15,76.48.15,78.204.105,78.204.105,79.150.179,79.150.179,8.249.69,8.249.69,80.79.98,80.79.98,86.115.193,86.115.193,94.241.99,94.241.99
1,63d415f48621b7032a91514d89a798ec,WanaCrypt0r,DisableSystemProxy,HttpNoUserAgent,10.62.27,10.62.27,10.62.27,10.62.27,10.62.27,10.62.27,10.62.27,10.62.27,10.62.27,10.62.27,10.62.27,10.62.27,10.62.27,10.62.27,10.62.27,10.62.27,10.62.27,10.62.27,10.62.27,10.62.27,10.62.27,10.62.27,10.62.27,10.62.27,10.62.27,10.62.27,10.62.27,10.62.27,10.62.27,100.58.88,100.58.88,102.187.19,102.187.19,104.193.191,104.193.191,104.193.191,113.228.80,113.228.80,12.249.105,12.249.105,137.5.60,137.5.60,142.11.2,142.11.2,142.246.198,142.246.198,156.74.225,156.74.225,159.128.42,159.128.42,166.47.209,166.47.209,195.42.229,195.42.229,199.182.235,199.182.235,201.136.156,201.136.156,204.89.181,204.89.181,205.165.73,205.165.73,21.195.82,21.195.82,215.76.194,215.76.194,32.153.125,32.153.125,4.160.238,4.160.238,50.219.29,50.219.29,64.12.29,64.12.29,67.71.103,67.71.103,71.229.180,71.229.180,73.6.80,73.6.80,8.213.140,8.213.140,83.9.180,83.9.180,85.214.39,85.214.39,85.214.39,85.214.39,85.214.39,85.214.39,85.214.39,9.26.181,9.26.181,92.169.216,92.169.216,99.42.108,99.42.108
1,feb8d93fb0568d490f4f87714601af39,WanaCrypt0r,DisableSystemProxy,HttpNoUserAgent,100.182.139,100.182.139,114.18.148,114.18.148,114.18.148,114.18.148,114.18.148,119.32.202,119.32.202,12.120.140,12.120.140,124.220.139,124.220.139,125.217.44,125.217.44,147.214.2,147.214.2,16.162.4,16.162.4,16.47.48,16.47.48,160.71.248,160.71.248,173.209.95,173.209.95,174.158.59,174.158.59,180.121.179,180.121.179,182.108.75,182.108.75,188.71.216,188.71.216,196.0.6,196.0.6,201.84.90,202.132.218,202.132.218,208.195.244,208.195.244,214.87.132,214.87.132,215.65.236,215.65.236,217.124.89,217.124.89,219.69.233,219.69.233,46.99.127,46.99.127,50.40.91,50.40.91,52.96.41,52.96.41,55.33.35,55.33.35,61.100.236,61.100.236,70.171.108,70.171.108,71.132.191,71.132.191,77.41.237,77.41.237,91.78.76,91.78.76
1,03eb9a9dbf0fb4960d27152c0bde41df,WanaCrypt0r,107.90.234,112.180.130,112.180.130,112.75.179,112.75.179,112.75.179,112.75.179,112.75.179,112.75.179,112.75.179,112.75.179,112.75.179,112.75.179,112.75.179,112.75.179,112.75.179,112.75.179,112.75.179,112.75.179,112.75.179,112.75.179,112.75.179,112.75.179,112.75.179,112.75.179,112.75.179,112.75.179,112.75.179,112.75.179,114.1.135,114.1.135,116.80.46,116.80.46,125.19.207,125.19.207,136.123.149,136.123.149,150.129.119,150.129.119,150.129.119,150.129.119,150.129.119,150.129.119,150.129.119,150.129.119,150.129.119,150.129.119,150.129.119,150.129.119,150.129.119,150.129.119,150.129.119,150.129.119,150.129.119,150.129.119,150.129.119,150.129.119,150.129.119,150.129.119,153.219.242,153.219.242,153.24.67,160.233.36,171.48.75,176.16.167,176.16.167,178.220.228,179.187.82,179.187.82,181.124.166,181.124.166,192.101.246,192.101.246,195.17.5,199.196.112,199.196.112,207.125.4,207.125.4,215.103.55,215.103.55,221.79.231,3.152.230,3.152.230,31.191.176,31.191.176,45.28.24,45.28.24,54.165.196,54.165.196,63.237.89,63.240.123,63.240.123,70.146.240,71.233.107,71.233.107,93.221.28,93.221.28,94.60.22
1,217cef353a08cc114e3ae0cf6fa7a2b7,WanaCrypt0r,DisableSystemProxy,HttpNoUserAgent,120.31.227,120.31.227,121.15.114,121.15.114,126.185.41,126.185.41,129.213.65,129.213.65,129.213.65,13.131.179,13.131.179,13.252.205,13.252.205,138.185.79,138.185.79,138.185.79,138.185.79,144.218.82,144.218.82,145.55.229,145.55.229,146.213.56,146.213.56,148.128.42,148.128.42,153.235.212,153.235.212,156.188.225,156.188.225,163.242.202,163.242.202,177.10.152,177.10.152,177.10.152,177.10.152,177.10.152,177.10.152,183.114.152,183.114.152,192.227.212,192.227.212,192.227.212,205.109.176,205.109.176,205.109.176,207.114.34,207.114.34,207.114.34,223.198.205,223.198.205,223.237.78,223.237.78,25.201.195,25.201.195,3.78.219,3.78.219,38.133.132,38.133.132,38.133.132,38.133.132,41.116.156,41.116.156,49.169.78,49.169.78,49.169.78,58.241.29,58.241.29,6.188.192,6.188.192,65.112.253,65.112.253,76.94.213,76.94.213,80.24.137,80.24.137,98.165.141,98.165.141,98.165.141,98.165.141
1,620be1f6cd092d957b0350bba30bb48b,WanaCrypt0r,DisableSystemProxy,HttpNoUserAgent,104.211.44,104.211.44,114.210.188,114.210.188,116.137.116,116.137.116,122.218.40,122.218.40,122.218.40,122.218.40,122.218.40,122.218.40,122.218.40,122.218.40,122.218.40,122.52.156,122.52.156,125.163.112,125.163.112,125.163.112,125.163.112,14.60.62,14.60.62,142.217.104,142.217.104,142.217.104,143.34.74,143.34.74,152.63.107,152.63.107,159.159.111,159.159.111,159.57.159,159.57.159,162.104.36,162.104.36,177.190.118,177.190.118,177.190.118,189.242.154,189.242.154,191.14.16,191.14.16,193.56.54,193.56.54,194.181.100,194.181.100,195.134.145,195.134.145,32.31.64,32.31.64,34.243.81,34.243.81,34.44.7,34.44.7,4.11.148,4.11.148,4.30.122,4.30.122,53.189.150,53.189.150,68.177.38,68.177.38,68.9.228,68.9.228,68.9.228,7.121.102,7.121.102,86.150.133,86.150.133,9.70.178,9.70.178,90.179.140,90.179.140,91.48.122,91.48.122,91.48.122
1,f999b0c7619944043b998af6c8e040ab,WanaCrypt0r,DisableSystemProxy,HttpNoUserAgent,109.65.229,109.65.229,110.245.208,110.245.208,116.111.45,116.111.45,12.194.0,12.194.0,12.194.0,12.194.0,12.194.0,12.72.21,12.72.21,12.72.21,123.181.237,123.181.237,123.54.86,123.54.86,13.225.14,13.225.14,13.95.161,13.95.161,130.134.254,130.134.254,130.68.7,130.68.7,140.201.52,140.201.52,15.121.105,15.121.105,15.23.82,15.23.82,157.213.230,157.213.230,157.219.116,157.219.116,165.37.218,165.37.218,168.188.19,168.188.19,170.34.163,170.34.163,177.107.205,177.107.205,177.107.205,177.107.205,177.107.205,177.107.205,177.107.205,177.107.205,177.107.205,177.107.205,179.252.170,179.252.170,180.131.46,180.131.46,180.131.46,186.252.154,186.252.154,189.205.51,189.205.51,192.178.6,192.178.6,221.218.175,221.218.175,3.20.232,3.20.232,34.85.97,34.85.97,36.97.146,36.97.146,44.147.157,44.147.157,91.194.4,91.194.4,91.194.4,98.95.172,98.95.172
1,4938774f801a7adcc7f6be2d4e162506,WanaCrypt0r,DisableSystemProxy,HttpNoUserAgent,106.217.47,106.217.47,113.231.145,113.231.145,114.93.222,114.93.222,115.250.45,115.250.45,120.96.218,120.96.218,123.253.137,123.253.137,13.195.203,13.195.203,136.32.171,136.32.171,145.64.230,145.64.230,162.205.167,162.205.167,164.172.75,164.172.75,164.26.37,164.26.37,190.226.103,190.226.103,198.213.138,198.213.138,200.207.103,200.207.103,203.98.102,203.98.102,209.149.244,209.149.244,209.188.22,209.188.22,209.188.22,209.188.22,209.188.22,209.188.22,209.188.22,209.188.22,210.117.189,210.117.189,216.231.86,216.231.86,220.190.49,220.190.49,23.106.69,23.106.69,44.129.109,44.129.109,45.141.236,45.141.236,57.183.62,57.183.62,62.120.220,62.120.220,70.114.237,70.114.237,79.232.192,79.232.192,86.141.76,86.141.76,89.69.183,89.69.183,96.149.43,96.149.43,96.202.148,96.202.148
1,765eb647a145967c7ef9f208f1099284,WanaCrypt0r
1,2d745e7c81788967c045474c4543dd48,WanaCrypt0r,DisableSystemProxy,HttpNoUserAgent,100.227.165,100.227.165,105.18.29,105.18.29,11.42.124,11.42.124,115.136.80,120.85.185,129.92.6,129.92.6,129.92.6,131.78.112,131.78.112,161.154.169,164.37.75,164.37.75,170.176.183,177.124.103,177.124.103,177.124.103,177.124.103,177.124.103,177.124.103,177.124.103,177.124.103,177.124.103,177.124.103,177.124.103,177.124.103,177.124.103,177.124.103,177.124.103,177.124.103,181.117.88,190.11.182,190.11.182,190.11.182,190.148.93,190.148.93,190.148.93,201.92.129,201.92.129,201.92.129,202.17.118,212.52.238,212.52.238,213.126.198,223.211.139,223.211.139,3.94.77,3.94.77,45.241.205,45.241.205,45.241.205,49.178.66,49.178.66,49.178.66,55.99.224,57.11.226,57.11.226,6.251.35,6.251.35,62.93.89,62.93.89,62.93.89,62.93.89,62.93.89,62.93.89,62.93.89,62.93.89,62.93.89,62.93.89,62.93.89,62.93.89,62.93.89,63.58.192,63.58.192,7.194.112,82.40.182,82.40.182,82.40.182,82.40.182,82.40.182,82.40.182,82.40.182,82.40.182,82.40.182,82.40.182,89.223.19,89.223.19,94.223.121,94.223.121,94.223.121,94.223.121,99.224.149,99.224.149,99.224.149
1,ed8405e9a9d..........cdd2a3be22a,WanaCrypt0r,DisableSystemProxy,HttpNoUserAgent
1,38db7141a2ca669693c1aa5729da0e6d,WanaCrypt0r
1,ca96f205dce..........ca622170a11,WanaCrypt0r
1,8907ea1918a1a95b6beca2724b7c1a9e,WanaCrypt0r
1,fb3b334078399f7f9d5fb3a40f2ec03b,WanaCrypt0r,ModifyWindowsFirewall,DisableSystemProxy,HttpNoUserAgent..,Commodity.Virut.,105.97.115,105.97.115,109.228.28,109.228.28,109.228.28,115.171.18,115.171.18,119.30.149,119.30.149,12.220.76,12.220.76,121.200.245,121.200.245,121.200.245,121.200.245,132.247.220,132.247.220,132.247.220,132.247.220,132.247.220,132.247.220,136.243.179,136.243.179,136.243.179,137.100.181,137.100.181,151.174.5,151.174.5,167.41.67,167.41.67,170.42.138,170.42.138,173.145.28,173.145.28,189.138.182,189.138.182,190.212.117,190.212.117,197.150.135,197.150.135,202.10.142,202.10.142,21.185.69,21.185.69,210.102.2,210.102.2,210.148.99,210.148.99,210.148.99,210.148.99,210.148.99,213.117.226,213.117.226,214.121.126,214.121.126,219.248.4,219.248.4,219.248.4,220.208.153,220.208.153,220.208.153,220.208.153,220.208.153,221.47.120,221.47.120,25.21.135,25.21.135,4.38.167,4.38.167,5.48.59,5.48.59,56.197.57,56.197.57,72.142.35,72.142.35,93.232.188,93.232.188,95.108.185,95.108.185
1,025f83f3e2aec5d75ad434e168eca280,WanaCrypt0r,DisableSystemProxy,HttpNoUserAgent,10.87.58,10.87.58,10.87.58,10.87.58,10.87.58,10.87.58,10.87.58,10.87.58,10.87.58,10.87.58,10.87.58,10.87.58,10.87.58,10.87.58,10.87.58,10.87.58,10.87.58,10.87.58,10.87.58,10.87.58,10.87.58,10.87.58,10.87.58,10.87.58,124.222.190,124.222.190,124.222.190,131.16.53,131.16.53,131.16.53,135.246.238,135.246.238,139.35.202,139.35.202,140.39.6,146.242.24,146.242.24,146.242.24,168.248.97,168.248.97,170.192.96,170.192.96,170.192.96,176.90.28,176.90.28,177.249.112,177.249.112,177.249.112,177.249.112,19.146.235,19.146.235,19.146.235,192.82.45,192.82.45,194.154.170,194.154.170,194.154.170,194.154.170,194.154.170,194.157.181,194.157.181,199.171.106,23.32.179,26.48.0,26.48.0,26.48.0,28.137.93,28.137.93,28.137.93,28.137.93,3.16.252,30.119.214,30.119.214,31.50.44,31.50.44,42.231.129,42.231.129,46.12.50,46.12.50,47.87.122,47.87.122,47.87.122,47.87.122,64.1.42,64.1.42,72.108.240,72.108.240,72.108.240,81.135.243,81.135.243,81.135.243,84.73.172,84.73.172,84.73.172,84.73.172,86.74.224,87.162.246
1,36cabbfd2ec..........d7e7beea8a2,WanaCrypt0r,DisableSystemProxy,HttpNoUserAgent
1,60bc94d08634461ba0a0168afd3366b1,WanaCrypt0r,DisableSystemProxy,HttpNoUserAgent,117.99.181,117.99.181,121.147.69,121.147.69,124.53.249,124.53.249,124.53.249,124.87.133,124.87.133,126.230.80,126.230.80,133.218.85,133.218.85,149.88.55,149.88.55,154.51.163,154.51.163,154.51.163,155.248.244,155.248.244,158.89.245,158.89.245,161.165.88,161.165.88,175.179.144,175.179.144,18.167.75,18.167.75,180.170.174,180.170.174,196.76.212,196.76.212,21.121.130,21.121.130,212.242.245,212.242.245,213.235.93,213.235.93,29.26.149,29.26.149,34.206.175,34.206.175,41.48.34,41.48.34,55.6.88,55.6.88,59.233.188,59.233.188,72.83.149,72.83.149,77.22.82,77.22.82,78.200.237,78.200.237,8.237.240,8.237.240,82.115.63,82.115.63,86.83.239,86.83.239,89.38.70,89.38.70,90.16.147,90.16.147,99.221.151,99.221.151
1,f1b3a68e4a7a78cfd7d22fc74d9c9295,WanaCrypt0r,ModifyWindowsFirewall,DisableSystemProxy,ResolveSinkholedDomain..,ModifyHostsFile..,HttpNoUserAgent..,Commodity.Virut.,10.34.249,10.34.249,10.34.249,10.34.249,10.34.249,10.34.249,10.34.249,10.34.249,10.34.249,10.34.249,10.34.249,10.34.249,10.34.249,10.34.249,10.34.249,10.34.249,10.34.249,10.34.249,10.34.249,10.34.249,10.34.249,10.34.249,10.34.249,10.34.249,10.34.249,10.34.249,10.34.249,10.34.249,10.34.249,10.34.249,10.34.249,10.34.249,10.34.249,10.34.249,107.2.92,107.2.92,107.2.92,108.118.66,108.118.66,109.92.101,11.37.159,11.37.159,11.37.159,117.221.79,117.221.79,117.221.79,117.221.79,119.232.8,142.232.167,142.232.167,142.232.167,15.54.164,15.54.164,165.155.205,168.131.152,172.66.142,172.66.142,184.156.85,184.156.85,192.83.39,194.226.44,194.226.44,194.226.44,194.226.44,196.25.42,196.25.42,196.25.42,198.62.155,198.62.155,36.152.153,36.152.153,38.46.244,38.46.244,4.159.70,4.159.70,4.159.70,41.35.50,41.35.50,41.35.50,43.177.216,43.177.216,43.192.18,43.192.18,51.179.22,51.179.22,72.81.109,73.183.107,73.183.107,75.181.87,75.181.87,78.137.194,78.137.194,89.9.88,89.9.88,89.9.88,9.124.235,9.124.235
1,acc2078757f..........88fdb072cf5,WanaCrypt0r,DisableSystemProxy,HttpNoUserAgent
1,4156ccb2c2d..........4c96889580e,WanaCrypt0r,DisableSystemProxy,HttpNoUserAgent
1,caf655ec16f29696878ac5e497091c32,WanaCrypt0r,DisableSystemProxy,HttpNoUserAgent,101.33.149,101.33.149,101.39.241,101.39.241,104.120.212,104.120.212,116.237.53,116.237.53,116.89.126,116.89.126,123.252.37,123.252.37,128.228.165,128.228.165,128.228.165,132.162.174,132.162.174,132.162.174,135.109.107,135.109.107,135.223.82,135.223.82,137.63.161,137.63.161,137.63.161,146.66.5,146.66.5,147.158.95,147.158.95,153.37.195,153.37.195,174.114.4,174.114.4,185.43.80,185.43.80,187.129.2,187.129.2,193.203.34,193.203.34,219.233.66,219.233.66,22.162.60,22.162.60,22.162.60,22.162.60,220.67.139,220.67.139,221.112.47,221.112.47,28.159.247,28.159.247,34.104.247,34.104.247,39.224.185,39.224.185,39.224.185,46.43.244,46.43.244,62.57.247,62.57.247,67.173.217,67.173.217,70.127.78,70.127.78,71.226.154,71.226.154,71.49.154,71.49.154,98.18.222,98.18.222
1,d0c12609cef..........cb82564f786,WanaCrypt0r,DisableSystemProxy,HttpNoUserAgent
1,1af21ed9515b28cbdc64329b96019af6,WanaCrypt0r,DisableSystemProxy,HttpNoUserAgent,102.123.2,102.123.2,104.113.42,104.113.42,106.135.108,106.135.108,113.246.245,113.246.245,116.190.212,116.190.212,116.52.67,116.52.67,120.179.123,120.179.123,125.115.164,125.115.164,125.5.242,125.5.242,137.225.90,137.225.90,138.224.164,138.224.164,140.98.105,140.98.105,141.252.15,141.252.15,147.175.206,147.175.206,147.247.105,147.247.105,154.32.33,154.32.33,156.39.5,156.39.5,156.39.5,159.3.157,159.3.157,162.68.195,162.68.195,189.100.5,189.100.5,192.120.73,192.120.73,198.205.228,198.205.228,24.145.11,24.145.11,42.58.233,42.58.233,46.84.137,46.84.137,54.114.222,54.114.222,55.254.90,55.254.90,61.237.193,61.237.193,64.182.126,64.182.126,65.209.195,65.209.195,66.220.251,66.220.251,9.248.124,9.248.124
1,9a0306c37a4..........41db60045aa,WanaCrypt0r
1,cb68d365e32..........5dd67e87cfe,WanaCrypt0r,ModifyWindowsFirewall,DisableSystemProxy,ModifyHostsFile..,HttpNoUserAgent..,Commodity.Virut.
1,256a8dc7888..........b3637a793ac,WanaCrypt0r,DisableSystemProxy,HttpNoUserAgent
1,6291e183a713992796cae9ddf8de04c2,WanaCrypt0r,DisableSystemProxy,HttpNoUserAgent,10.130.36,10.130.36,10.130.36,10.130.36,10.130.36,10.130.36,10.130.36,10.130.36,10.130.36,10.130.36,10.130.36,10.130.36,10.130.36,10.130.36,10.130.36,10.130.36,10.130.36,10.195.132,10.195.132,10.195.132,10.195.132,10.195.132,10.195.132,10.195.132,10.195.132,10.195.132,10.195.132,10.195.132,10.195.132,10.195.132,10.195.132,10.195.132,10.195.132,100.249.63,100.249.63,108.118.99,108.118.99,108.118.99,11.186.251,11.186.251,116.171.222,116.171.222,128.229.178,128.229.178,13.89.20,13.89.20,132.3.91,132.3.91,132.3.91,137.231.112,137.231.112,137.231.112,140.54.178,140.54.178,159.24.146,159.24.146,16.171.169,16.171.169,16.171.169,164.248.178,164.248.178,169.146.205,170.70.63,170.70.63,170.70.63,196.157.190,196.157.190,196.157.190,198.142.172,198.142.172,21.66.30,21.66.30,21.66.30,34.166.199,36.116.93,36.203.171,36.203.171,36.203.171,45.67.238,45.67.238,50.179.65,50.179.65,53.59.100,53.59.100,53.59.100,57.148.132,71.126.61,71.126.61,77.123.215,77.123.215,77.123.215,79.239.227,79.239.227,91.105.174,93.129.232,93.129.232,95.91.194
1,5ceedfc5f0fd1a7a107bb4340dd2e368,WanaCrypt0r,DisableSystemProxy,HttpNoUserAgent,107.211.31,107.211.31,110.76.145,110.76.145,159.191.226,159.191.226,159.191.226,16.109.1,16.109.1,16.109.1,160.95.42,160.95.42,168.241.119,168.241.119,168.241.119,177.182.101,177.182.101,177.182.101,2.121.32,2.121.32,201.174.29,201.174.29,201.174.29,201.174.29,203.170.253,203.170.253,203.170.253,203.229.209,203.229.209,205.72.183,205.72.183,30.11.31,30.11.31,30.11.31,32.126.119,32.126.119,32.126.119,37.233.231,37.233.231,38.128.5,38.128.5,39.141.236,39.141.236,39.141.236,4.10.4,4.10.4,40.118.25,40.118.25,5.211.145,5.211.145,5.211.145,50.210.26,50.210.26,51.169.19,51.169.19,51.169.19,52.37.75,52.37.75,56.53.14,56.53.14,56.53.14,60.219.2,60.219.2,60.219.2,64.64.242,64.64.242,64.64.242,64.64.242,64.64.242,64.64.242,64.64.242,64.64.242,64.64.242,64.64.242,64.64.242,64.64.242,64.64.242,67.121.15,67.121.15,67.121.15,67.33.248,67.33.248,71.240.61,71.240.61,77.184.113,77.184.113,77.184.113,80.69.170,80.69.170,80.69.170,80.69.170,80.69.170,95.120.217,95.120.217,95.120.217
1,f6a9c0c3832799a72ffde9cf01ecb63f,WanaCrypt0r,DisableSystemProxy,HttpNoUserAgent,11.108.209,11.108.209,124.79.0,131.100.76,131.100.76,131.100.76,131.100.76,131.100.76,131.100.76,131.100.76,131.100.76,132.101.218,135.156.91,135.156.91,138.43.157,138.43.157,145.73.254,153.169.106,153.169.106,154.150.35,154.150.35,154.150.35,154.150.35,154.150.35,155.167.231,155.167.231,174.167.114,178.50.232,178.50.232,178.50.232,191.17.74,195.169.70,195.169.70,20.23.236,20.23.236,203.251.110,212.177.89,212.177.89,25.216.248,25.216.248,27.123.253,27.123.253,3.111.48,3.111.48,44.240.4,52.43.66,52.43.66,56.216.127,63.3.193,63.3.193,67.250.164,75.124.107,75.124.107,81.199.74,81.199.74,81.199.74,81.199.74,81.199.74,81.199.74,81.199.74,81.199.74,81.199.74,81.199.74,81.199.74,81.199.74,81.199.74,81.199.74,81.199.74,81.199.74,81.199.74,81.199.74,81.199.74,81.199.74,84.62.193,84.62.193,84.62.193,84.62.193,84.62.193,84.62.193,84.62.193,84.62.193,84.62.193,84.62.193,84.62.193,84.62.193,84.62.193,84.62.193,84.62.193,84.62.193,84.62.193,84.62.193,84.62.193,84.62.193,91.135.131,96.251.43,96.251.43,97.251.251
1,02dd276b9f1..........e87925f1e5f,WanaCrypt0r,DisableSystemProxy,HttpNoUserAgent
1,1c6387739e18bee33d14b90ffed5eb87,WanaCrypt0r,DisableSystemProxy,HttpNoUserAgent,114.214.96,114.214.96,122.89.228,122.89.228,122.89.228,138.48.136,138.48.136,138.48.136,147.175.80,147.175.80,147.175.80,147.175.80,148.215.105,148.215.105,159.242.212,159.242.212,159.242.212,159.242.212,159.242.212,159.242.212,159.242.212,168.88.218,168.88.218,168.88.218,177.95.204,177.95.204,181.159.8,181.159.8,181.159.8,187.171.149,187.171.149,187.171.149,187.171.149,19.208.230,19.208.230,19.208.230,19.231.100,19.231.100,19.231.100,191.208.125,191.208.125,191.208.125,191.208.125,191.208.125,191.208.125,191.208.125,191.208.125,193.247.37,193.247.37,20.241.244,20.241.244,210.184.53,210.184.53,211.66.216,211.66.216,211.66.216,211.66.216,212.201.159,212.201.159,212.201.159,214.120.43,214.120.43,214.120.43,215.159.185,215.159.185,215.159.185,24.78.215,24.78.215,24.78.215,24.78.215,29.2.78,29.2.78,33.247.126,33.247.126,33.52.77,41.146.120,41.146.120,41.146.120,46.177.69,46.177.69,46.177.69,50.184.90,50.184.90,50.184.90,51.169.243,51.169.243,51.169.243,68.5.2,71.224.248,71.224.248,73.147.53,73.147.53,73.147.53,73.147.53,86.8.73,86.8.73,86.8.73,86.8.73
1,b4dc53ce6ac2fd2e77254375f91245c8,WanaCrypt0r,DisableSystemProxy,HttpNoUserAgent,103.68.142,103.68.142,104.138.177,104.138.177,13.240.146,13.240.146,133.214.64,133.214.64,133.37.200,133.37.200,137.108.214,137.108.214,145.204.185,145.204.185,158.131.36,158.131.36,158.156.139,158.156.139,160.42.26,160.42.26,165.188.165,165.188.165,165.188.165,166.140.28,166.140.28,168.197.51,168.197.51,180.33.202,180.33.202,185.51.81,185.51.81,189.122.197,189.122.197,215.11.181,215.11.181,221.108.61,221.108.61,222.205.179,222.205.179,23.31.100,23.31.100,25.40.105,25.40.105,35.2.75,35.2.75,4.228.177,4.228.177,4.228.177,6.134.153,6.134.153,60.161.237,60.161.237,75.44.129,75.44.129,76.8.47,76.8.47,80.139.120,80.139.120,80.139.120,85.44.71,85.44.71,87.193.74,87.193.74,87.233.12,87.233.12,94.19.33,94.19.33
1,92d28b853881ef49f872fea031ea064b,WanaCrypt0r,DisableSystemProxy,HttpNoUserAgent,10.227.6,10.227.6,10.227.6,10.227.6,10.227.6,10.227.6,10.227.6,10.227.6,10.227.6,10.227.6,10.227.6,10.227.6,10.227.6,10.227.6,10.227.6,10.227.6,10.227.6,10.227.6,10.227.6,10.227.6,10.227.6,10.227.6,100.53.205,100.63.43,111.2.201,111.2.201,111.2.201,111.2.201,123.153.156,123.153.156,123.153.156,123.153.156,123.153.156,124.13.178,139.253.5,139.253.5,144.49.179,144.49.179,146.38.74,146.38.74,151.245.165,151.245.165,151.245.165,183.60.213,183.60.213,184.45.222,184.45.222,184.45.222,188.18.111,188.18.111,188.18.111,189.135.249,189.135.249,189.135.249,192.147.43,195.198.187,195.198.187,195.198.187,24.41.229,24.41.229,29.254.144,29.254.144,3.46.228,3.46.228,3.46.228,3.46.228,3.46.228,37.41.14,37.41.14,37.41.14,38.234.50,38.234.50,38.234.50,47.218.254,55.240.56,55.240.56,55.240.56,68.26.204,68.26.204,68.26.204,68.26.204,78.62.164,78.62.164,82.73.133,82.73.133,82.73.133,84.2.248,84.2.248,84.2.248,84.2.248,84.2.248,94.204.115,94.204.115,94.55.189,94.55.189,94.55.189,94.55.189,97.241.204
1,535a44e5721..........1d2abcf2858,WanaCrypt0r,DisableSystemProxy,HttpNoUserAgent
1,bc8ec96ce9b4abd5d63c315d29c94129,WanaCrypt0r,DisableSystemProxy,HttpNoUserAgent,10.139.187,10.139.187,10.139.187,10.139.187,10.139.187,10.139.187,10.139.187,10.139.187,10.139.187,10.139.187,10.139.187,10.139.187,10.139.187,10.139.187,10.139.187,10.139.187,10.139.187,10.139.187,10.139.187,10.139.187,10.139.187,10.139.187,10.139.187,10.139.187,10.139.187,10.139.187,10.139.187,10.139.187,10.139.187,10.8.100,10.8.100,10.8.100,10.8.100,10.8.100,10.8.100,10.8.100,10.8.100,10.8.100,10.8.100,10.8.100,10.8.100,10.8.100,10.8.100,10.8.100,10.8.100,10.8.100,10.8.100,10.8.100,10.8.100,10.8.100,10.8.100,10.8.100,10.8.100,10.8.100,10.8.100,110.12.16,114.2.3,114.2.3,115.221.243,115.221.243,120.20.33,120.20.33,125.245.178,135.160.152,137.163.110,137.163.110,169.18.76,174.123.107,187.254.63,187.254.63,187.254.63,187.254.63,187.254.63,187.254.63,187.254.63,193.106.205,193.106.205,200.175.146,200.175.146,213.214.136,213.214.136,218.102.248,25.152.49,25.152.49,4.15.241,4.15.241,4.15.241,48.52.243,51.56.105,51.56.105,53.124.247,58.59.134,66.51.119,71.152.219,79.158.171,85.186.148,89.26.47
1,8c31eefe9f699ecfb80ee01dff694b54,WanaCrypt0r,DisableSystemProxy,HttpNoUserAgent,10.55.149,10.55.149,10.55.149,10.55.149,10.55.149,10.55.149,10.55.149,10.55.149,10.55.149,10.55.149,10.55.149,10.55.149,10.55.149,10.55.149,10.55.149,10.55.149,10.55.149,10.55.149,10.55.149,10.55.149,10.55.149,10.55.149,106.113.175,106.113.175,106.113.175,111.52.49,111.52.49,111.52.49,114.98.69,114.98.69,114.98.69,129.69.46,129.69.46,129.69.46,132.104.210,132.104.210,138.152.26,138.152.26,139.181.78,139.181.78,139.181.78,152.157.107,152.157.107,153.122.35,153.122.35,153.122.35,171.181.166,171.181.166,171.6.126,173.235.130,176.8.216,176.8.216,187.215.100,187.215.100,187.215.100,193.133.59,193.133.59,193.133.59,193.133.59,195.87.211,195.87.211,2.205.203,2.205.203,20.97.248,20.97.248,20.97.248,210.49.192,210.49.192,210.49.192,211.172.89,211.172.89,211.172.89,211.172.89,212.51.112,216.186.66,216.186.66,216.186.66,216.78.21,216.78.21,216.78.21,222.164.91,222.164.91,222.164.91,222.164.91,31.44.50,31.44.50,31.44.50,41.136.126,41.136.126,5.151.169,5.151.169,63.33.106,63.33.106,71.103.25,75.11.26,75.11.26,89.140.220,89.140.220
1,8e90ca73548..........8f779e4354e,WanaCrypt0r,DisableSystemProxy,HttpNoUserAgent
1,33a39e949134ae77d8a71a4464c6c2ee,WanaCrypt0r,DisableSystemProxy,HttpNoUserAgent,1.90.254,1.90.254,1.90.254,1.90.254,106.249.90,106.249.90,118.232.122,118.232.122,118.232.122,118.232.122,118.232.122,123.98.32,131.202.167,131.202.167,133.83.155,133.83.155,141.223.103,141.223.103,152.24.89,152.24.89,152.24.89,152.24.89,152.24.89,152.24.89,152.24.89,159.28.43,159.28.43,159.28.43,172.168.230,172.168.230,173.144.167,173.144.167,18.37.31,189.121.189,189.121.189,195.115.58,196.65.112,2.8.71,2.8.71,202.161.153,202.161.153,206.231.172,206.231.172,206.231.172,206.231.172,206.231.172,206.231.172,206.68.162,220.181.95,220.181.95,220.181.95,220.181.95,220.181.95,29.238.185,29.238.185,29.238.185,3.11.221,3.11.221,3.11.221,4.135.184,40.197.141,48.101.212,48.101.212,48.101.212,48.101.212,48.101.212,48.75.103,48.75.103,48.75.103,59.180.237,59.180.237,59.180.237,6.219.127,6.219.127,6.219.127,6.219.127,66.139.8,66.139.8,66.139.8,73.236.39,73.236.39,73.236.39,80.232.134,80.232.134,80.78.74,80.78.74,80.78.74,85.163.182,85.163.182,85.163.182,85.163.182,94.135.3,94.135.3,95.37.144,95.37.144,95.37.144,97.162.110
1,4a9c15535581af517fdcbdfe4db5f0f7,WanaCrypt0r,DisableSystemProxy,HttpNoUserAgent,100.37.221,100.37.221,100.37.221,107.195.148,107.195.148,109.18.172,109.18.172,109.18.172,11.60.0,11.60.0,11.60.0,11.60.0,136.159.249,136.159.249,136.159.249,144.88.63,144.88.63,151.218.200,151.218.200,156.211.138,156.211.138,156.211.138,156.211.138,156.211.138,160.48.254,160.48.254,167.215.249,167.215.249,18.85.28,18.85.28,192.221.3,192.221.3,193.207.20,193.207.20,194.159.120,194.159.120,194.159.120,203.167.163,203.167.163,203.56.220,203.56.220,204.196.163,204.196.163,211.64.154,211.64.154,211.64.154,211.64.154,219.1.28,219.1.28,223.247.178,223.247.178,24.183.75,24.183.75,24.183.75,39.161.196,39.161.196,39.161.196,43.3.202,43.3.202,50.180.18,50.180.18,50.227.93,50.227.93,59.123.254,59.123.254,59.44.156,59.44.156,59.44.156,66.116.131,66.116.131,66.48.111,66.48.111,66.48.111,72.49.126,72.49.126,73.27.148,73.27.148,87.246.166,87.246.166
1,dc44390a138dcf9af7db8d82acfa92b2,WanaCrypt0r,ModifyWindowsFirewall,DisableSystemProxy,HttpNoUserAgent..,Commodity.Virut.,115.87.17,115.87.17,121.189.230,121.189.230,123.88.29,123.88.29,125.184.247,125.184.247,133.176.186,133.176.186,148.3.101,148.3.101,157.159.151,157.159.151,161.168.3,161.168.3,164.159.189,164.159.189,168.21.161,168.21.161,180.42.205,180.42.205,180.42.205,181.230.73,181.230.73,181.230.73,19.38.165,19.38.165,197.100.210,197.100.210,199.68.89,199.68.89,203.232.204,203.232.204,205.14.229,205.14.229,205.37.243,205.37.243,210.45.249,210.45.249,217.130.71,217.130.71,217.47.63,217.47.63,29.166.52,29.166.52,33.223.114,33.223.114,47.176.206,47.176.206,65.215.1,65.215.1,65.215.1,66.57.157,66.57.157,69.10.213,69.10.213,69.10.213,90.217.248,90.217.248,93.89.193,93.89.193,94.118.12,94.118.12,97.19.198,97.19.198,99.95.215,99.95.215
1,3f6e6014181378263833aad26a185ffd,WanaCrypt0r,DisableSystemProxy,HttpNoUserAgent,114.81.77,114.81.77,116.64.153,116.64.153,116.64.153,124.176.7,124.176.7,124.176.7,13.100.133,13.100.133,136.181.142,136.181.142,139.63.51,139.63.51,139.63.51,141.228.85,141.228.85,143.147.53,150.27.129,152.244.228,152.244.228,152.244.228,152.244.228,152.244.228,164.42.231,164.42.231,164.42.231,166.166.197,188.55.206,188.55.206,188.55.206,19.22.183,19.22.183,190.12.23,190.12.23,197.158.225,197.91.153,199.216.200,199.216.200,199.216.200,199.216.200,199.216.200,199.216.200,199.216.200,199.216.200,199.216.200,199.216.200,200.147.217,206.6.169,206.6.169,27.2.244,27.2.244,30.183.129,32.11.220,32.11.220,32.11.220,35.176.204,35.176.204,35.176.204,51.207.152,51.207.152,62.201.163,62.201.163,62.201.163,62.201.163,62.201.163,62.201.163,62.201.163,62.201.163,62.201.163,62.201.163,62.201.163,62.201.163,62.201.163,62.201.163,62.201.163,62.201.163,62.201.163,62.201.163,62.201.163,68.195.158,68.195.158,79.144.224,79.144.224,82.148.178,82.148.178,82.148.178,82.148.178,82.148.178,82.148.178,82.148.178,88.39.228,88.39.228,88.39.228,9.147.76,95.144.31,95.144.31
1,9f544137c9f..........e647ad91766,WanaCrypt0r,DisableSystemProxy,HttpNoUserAgent
1,d4c9d52efc9..........d6aa77ff4e0,WanaCrypt0r,DisableSystemProxy,HttpNoUserAgent
1,0b07e6dc4769cf8c966a9f69267ecb93,WanaCrypt0r,DisableSystemProxy,HttpNoUserAgent,InvokeWindowsShellCommand..,HiddenFileAttribute..,46640.Modify_Permission.,121.35.86,121.35.86,129.0.92,129.0.92,133.198.123,133.198.123,135.191.1,135.191.1,135.191.1,136.140.68,136.140.68,146.169.118,146.169.118,146.169.118,158.204.124,158.204.124,174.37.43,174.37.43,174.37.43,183.97.64,183.97.64,187.91.25,187.91.25,190.33.139,190.33.139,190.33.139,190.44.197,190.44.197,190.44.197,195.227.159,195.227.159,195.227.159,196.220.8,196.220.8,199.121.47,199.121.47,199.121.47,205.129.103,205.129.103,212.180.27,212.180.27,218.193.12,218.193.12,221.150.10,221.150.10,221.150.10,36.159.2,36.159.2,4.65.114,4.65.114,4.65.114,45.64.121,45.64.121,45.64.121,45.64.121,45.64.121,45.64.121,45.64.121,45.64.121,45.64.121,45.64.121,45.64.121,45.64.121,45.64.121,45.64.121,54.53.148,54.53.148,54.53.148,65.209.125,65.209.125,67.0.24,67.0.24,68.103.113,68.103.113,68.103.113,69.4.11,69.4.11,75.99.196,75.99.196,86.202.228,86.202.228,89.172.239,89.172.239,92.177.114,92.177.114,92.177.114,94.170.235,94.170.235,94.170.235
1,72c75413664b9b1e07f609669ec9c7f0,WanaCrypt0r,DisableSystemProxy,HttpNoUserAgent,101.66.90,101.66.90,11.99.223,11.99.223,114.212.167,114.212.167,117.219.169,117.219.169,117.32.52,117.32.52,123.172.183,123.172.183,13.135.231,13.135.231,131.215.213,131.215.213,133.188.48,133.188.48,149.56.112,149.56.112,149.56.112,15.218.51,15.218.51,159.99.55,159.99.55,169.60.120,169.60.120,177.8.143,177.8.143,19.14.4,19.14.4,19.71.81,19.71.81,200.31.212,200.31.212,200.31.212,200.31.212,211.180.125,211.180.125,29.54.67,29.54.67,33.115.123,33.115.123,41.237.15,41.237.15,41.237.15,5.144.64,5.144.64,57.87.45,57.87.45,59.103.143,59.103.143,65.39.163,65.39.163,69.196.86,69.196.86,8.141.178,8.141.178,80.111.220,80.111.220,81.39.4,81.39.4,86.176.187,86.176.187,91.110.239,91.110.239,94.167.225,94.167.225
1,5879839cfcf..........506b349c3a2,WanaCrypt0r,DisableSystemProxy,HttpNoUserAgent
1,3d0de8db31b754a5f7a15bc2c09d4ee7,WanaCrypt0r,DisableSystemProxy,HttpNoUserAgent,1.15.167,1.15.167,10.170.12,10.170.12,10.170.12,10.170.12,10.170.12,10.170.12,10.170.12,10.170.12,10.170.12,10.170.12,10.170.12,10.170.12,10.170.12,10.170.12,10.170.12,10.170.12,10.170.12,10.170.12,10.170.12,10.170.12,10.170.12,10.170.12,10.170.12,10.170.12,10.170.12,10.170.12,10.170.12,10.170.12,10.170.12,10.170.12,10.170.12,10.170.12,10.170.12,10.170.12,10.170.12,10.170.12,10.170.12,10.170.12,10.170.12,10.170.12,10.170.12,10.170.12,10.170.12,10.170.12,10.170.12,10.170.12,10.170.12,10.170.12,10.170.12,10.170.12,115.197.90,115.197.90,12.24.90,12.24.90,12.24.90,128.22.158,128.22.158,130.164.229,131.151.195,131.151.195,134.6.108,139.247.106,139.247.106,149.56.64,149.56.64,150.194.194,167.10.141,18.26.46,180.39.187,186.60.50,186.60.50,209.40.62,22.29.181,22.29.181,23.144.145,26.128.119,26.128.119,26.43.192,26.43.192,27.105.193,27.105.193,33.221.130,37.129.119,37.129.119,43.81.99,46.46.77,46.46.77,66.191.126,66.191.126,76.17.20,86.184.216,86.184.216,91.117.109,91.117.109,99.213.241,99.218.28
1,fffd164f783e200cce09a1a4a2d0f964,WanaCrypt0r
1,e558e4f05a7..........513e700b1a4,WanaCrypt0r,DisableSystemProxy,HttpNoUserAgent
1,282d1f7dd4d..........41db97a199f,WanaCrypt0r,DisableSystemProxy,HiddenFileAttribute,HttpNoUserAgent..,InvokeWindowsShellCommand..,46640.Modify_Permission.
1,06e555261dd6d4112014a778d2139ae0,WanaCrypt0r,DisableSystemProxy,HttpNoUserAgent
1,c7b257dbb14f9e1d79e15c168f0b48c6,WanaCrypt0r,DisableSystemProxy,HttpNoUserAgent,1.240.173,1.240.173,114.88.206,114.88.206,137.48.244,137.48.244,140.23.13,140.23.13,145.71.77,145.71.77,158.202.38,158.202.38,159.88.196,159.88.196,163.35.208,163.35.208,168.92.103,168.92.103,18.137.119,18.137.119,180.81.60,180.81.60,188.42.128,188.42.128,191.218.170,191.218.170,196.169.252,196.169.252,204.95.161,204.95.161,209.252.21,209.252.21,22.111.103,22.111.103,22.119.228,22.119.228,222.152.151,222.152.151,25.161.0,25.161.0,26.219.223,26.219.223,27.70.2,27.70.2,28.227.154,28.227.154,32.32.168,32.32.168,41.22.203,41.22.203,47.186.180,47.186.180,47.202.176,47.202.176,47.202.176,55.218.213,55.218.213,76.213.149,76.213.149,83.141.48,83.141.48,84.64.146,84.64.146,85.176.150,85.176.150
1,3e07c7923850c0794b8dae3397bbfde5,WanaCrypt0r,DisableSystemProxy,HttpNoUserAgent,102.250.125,102.250.125,104.253.16,104.253.16,112.21.213,112.21.213,125.141.221,125.141.221,128.201.237,128.201.237,13.254.116,13.254.116,133.121.156,133.121.156,134.71.56,134.71.56,142.254.48,142.254.48,151.149.2,151.149.2,157.82.20,157.82.20,16.182.160,16.182.160,164.29.231,164.29.231,168.126.33,168.126.33,176.84.103,176.84.103,177.135.44,177.135.44,201.36.130,201.36.130,205.126.23,205.126.23,205.178.27,205.178.27,215.188.54,215.188.54,216.78.84,216.78.84,23.148.254,23.148.254,31.150.67,31.150.67,31.150.67,31.150.67,31.150.67,41.45.232,41.45.232,48.245.177,48.245.177,49.38.191,49.38.191,60.152.161,60.152.161,72.35.113,72.35.113,81.51.35,81.51.35,84.80.217,84.80.217,87.97.75,87.97.75,91.93.154,91.93.154
1,92d8aefa64b9731393232a19ee6fb8a4,WanaCrypt0r,ModifyWindowsFirewall,DisableSystemProxy,HttpNoUserAgent..,ModifyHostsFile..,Commodity.Virut.,102.62.154,102.62.154,102.62.154,102.62.154,104.227.62,104.227.62,106.217.217,106.217.217,106.217.217,106.217.217,132.234.17,132.234.17,132.234.17,133.201.221,133.201.221,133.201.221,142.142.14,142.142.14,142.142.14,144.212.211,146.104.220,159.66.202,160.50.181,160.50.181,160.50.181,164.87.16,164.87.16,164.87.16,164.87.16,172.19.11,172.19.11,172.19.11,172.19.11,172.19.11,172.19.11,172.19.11,172.19.11,172.19.11,172.19.11,172.19.11,172.19.11,172.19.11,172.19.11,176.47.20,176.47.20,176.47.20,176.47.20,186.147.163,188.88.101,188.88.101,188.88.101,205.138.23,205.138.23,205.138.23,205.138.23,217.1.219,217.1.219,221.222.27,221.222.27,221.222.27,221.222.27,221.222.27,23.63.47,23.63.47,25.28.56,25.28.56,25.28.56,27.145.217,27.145.217,46.113.240,46.113.240,46.227.148,46.227.148,46.227.148,46.227.148,46.227.148,6.138.172,6.138.172,6.138.172,62.103.178,62.103.178,62.103.178,64.18.248,64.18.248,64.18.248,69.126.231,69.126.231,69.126.231,69.126.231,69.126.231,70.181.205,70.181.205,84.243.72,84.243.72,84.243.72,84.243.72,90.244.245,90.36.61
