{"_id":{"$oid":"582bfc94fb9aebbf24000003"},"kisa:honeynet":{"kisa:start":{"kisa:time":null,"kisa:date":null},"kisa:end":{"kisa:time":null,"kisa:date":null},"@xmlns:kisa":"http://www.kisa.or.kr","kisa:attack":null,"kisa:sample":{"kisa:md5":"a4698eb1e3a70aca4f432aa29bd94fdc","kisa:sha1":"ed5eb9c2ad067e2a1f7336ee0662f6b90dbf2491","kisa:ssdeep":"3072:i9sArHRLGvgJpVKQ+f9ysWRRcI4gKO14Pc+h7pRe:iTbRyoJabf9tGRH714PjpRe","kisa:name":"sjtnjecx.exe_a4698eb1e3a70aca4f432aa29bd94fdc","kisa:report":{"kisa:item":null,"kisa:caption":null,"@compress":"normal","kisa:path":null}},"kisa:source":null,"kisa:comment":null,"@xsi:schemaLocation":"http://www.kisa.or.kr collect.xsd","kisa:when":{"kisa:time":"13:06:07","kisa:date":"2014-04-24"},"@xmlns:xsi":"http://www.w3.org/2001/XMLSchema-instance","kisa:report":{"kisa:item":"a4698eb1e3a70aca4f432aa29bd94fdc-ed5eb9c2ad067e2a1f7336ee0662f6b90dbf2491.mal","kisa:caption":null,"@compress":"normal","kisa:path":"/ANALYST/SAMPLE"},"kisa:method":"system","kisa:address":[{"kisa:ip":"108.177.183.154","kisa:icountry":null,"kisa:domain":null,"kisa:url":null,"kisa:type":"distribute","kisa:dcountry":null,"kisa:port":null,"kisa:protocol":null},{"kisa:ip":"172.16.0.6","kisa:icountry":null,"kisa:domain":null,"kisa:url":null,"kisa:type":"honeypot","kisa:dcountry":null,"kisa:port":"445","kisa:protocol":null}],"kisa:channel":"honeynet"},"path":"/DATA/ANALYST/SAMPLE/2014-0424130610-hn0001.xml","offset":-540,"date":{"$date":"2014-04-24T04:06:07.000Z"},"channel":"C0001","dbtime":{"$date":"2016-12-26T11:37:09.900Z"}}